[2026-03-25 22:55:55] optimize_compare start, state=init
[2026-03-25 22:55:55] Step: kexec -> adaptive
[2026-03-25 22:55:55] State -> kexec_adaptive
[2026-03-26 02:17:42] optimize_compare start, state=init
[2026-03-26 02:17:42] Step: kexec -> adaptive
[2026-03-26 02:17:42] State -> kexec_adaptive
[2026-03-26 02:18:26] [resume] Resuming from state: kexec_adaptive
[2026-03-26 02:18:26] [resume] Resuming from state: kexec_adaptive
[2026-03-26 02:18:36] optimize_compare start, state=kexec_adaptive
[2026-03-26 02:18:36] optimize_compare start, state=kexec_adaptive
[2026-03-26 02:18:36] Kernel: 5.15.19-htmm-adaptive (expect: adaptive)
[2026-03-26 02:18:36] Kernel: 5.15.19-htmm-adaptive (expect: adaptive)
[2026-03-26 02:18:36] Running start.sh
[2026-03-26 02:18:36] Running start.sh
disabled 2 namespaces
destroyed 2 namespaces
offline
{
  "dev":"namespace1.0",
  "mode":"devdax",
  "map":"dev",
  "size":3168796672,
  "uuid":"056ec708-cf3b-4007-a463-2e847ad28aeb",
  "daxregion":{
    "id":1,
    "size":3168796672,
    "align":2097152,
    "devices":[
      {
        "chardev":"dax1.0",
        "size":3168796672,
        "target_node":3,
        "align":2097152,
        "mode":"devdax"
      }
    ]
  },
  "align":2097152
}
libdaxctl: daxctl_dev_enable: dax1.0: failed to enable
error reconfiguring devices: Invalid argument
reconfigured 0 devices
{
  "dev":"namespace0.0",
  "mode":"devdax",
  "map":"dev",
  "size":267409948672,
  "uuid":"0e8d5be4-4da3-41ba-b36e-19bcbac79742",
  "daxregion":{
    "id":0,
    "size":267409948672,
    "align":2097152,
    "devices":[
      {
        "chardev":"dax0.0",
        "size":267409948672,
        "target_node":2,
        "align":2097152,
        "mode":"devdax"
      }
    ]
  },
  "align":2097152
}
reconfigured 1 device
{
  "chardev":"dax0.0",
  "size":"249.04 GiB (267.41 GB)",
  "target_node":2,
  "align":2097152,
  "mode":"system-ram",
  "online_memblocks":124,
  "total_memblocks":124,
  "movable":true
}
available: 3 nodes (0-2)
node 0 cpus: 0 2 4 6 8 10 12 14 16 18 20 22 24 26 28 30 32 34 36 38 40 42 44 46 48 50 52 54
node 0 size: 87941 MB
node 0 free: 81738 MB
node 1 cpus: 1 3 5 7 9 11 13 15 17 19 21 23 25 27 29 31 33 35 37 39 41 43 45 47 49 51 53 55
node 1 size: 0 MB
node 1 free: 0 MB
node 2 cpus:
node 2 size: 253952 MB
node 2 free: 253952 MB
node distances:
node   0   1   2 
  0:  10  20  17 
  1:  20  10  28 
  2:  17  28  10 
pm_size_arr[0]: 0
pm_size_arr[1]: 3
[
  {
    "dev":"region1",
    "size":"253.00 GiB (271.66 GB)",
    "align":"16.00 MiB (16.78 MB)",
    "available_size":"253.00 GiB (271.66 GB)",
    "max_available_extent":"253.00 GiB (271.66 GB)",
    "type":"pmem",
    "numa_node":1,
    "target_node":3,
    "iset_id":"0xd82dda90b1218a22",
    "persistence_domain":"memory_controller"
  },
  {
    "dev":"region0",
    "size":"253.00 GiB (271.66 GB)",
    "align":"16.00 MiB (16.78 MB)",
    "available_size":"253.00 GiB (271.66 GB)",
    "max_available_extent":"253.00 GiB (271.66 GB)",
    "type":"pmem",
    "numa_node":0,
    "target_node":2,
    "iset_id":"0xf041da90cd238a22",
    "persistence_domain":"memory_controller"
  }
]

[{'dev': 'region1', 'size': '253.00 GiB (271.66 GB)', 'align': '16.00 MiB (16.78 MB)', 'available_size': '253.00 GiB (271.66 GB)', 'max_available_extent': '253.00 GiB (271.66 GB)', 'type': 'pmem', 'numa_node': 1, 'target_node': 3, 'iset_id': '0xd82dda90b1218a22', 'persistence_domain': 'memory_controller'}, {'dev': 'region0', 'size': '253.00 GiB (271.66 GB)', 'align': '16.00 MiB (16.78 MB)', 'available_size': '253.00 GiB (271.66 GB)', 'max_available_extent': '253.00 GiB (271.66 GB)', 'type': 'pmem', 'numa_node': 0, 'target_node': 2, 'iset_id': '0xf041da90cd238a22', 'persistence_domain': 'memory_controller'}]
numa_node: 1, region_dev: region1, region_id: 1
numa_node: 0, region_dev: region0, region_id: 0
never
never
1
[2026-03-26 02:19:02] ==========================================
[2026-03-26 02:19:02] ==========================================
[2026-03-26 02:19:02] RUN: adaptive / gups-quick / 1:2
[2026-03-26 02:19:02] RUN: adaptive / gups-quick / 1:2
[2026-03-26 02:19:02] ==========================================
[2026-03-26 02:19:02] ==========================================
Preparing benchmark start...
Preparing benchmark start...
kernel.perf_event_max_sample_rate = 100000
kernel.perf_event_max_sample_rate = 100000
kernel.perf_cpu_time_max_percent = 0
kernel.perf_cpu_time_max_percent = 0
199
199
100007
100007
3
3
2
2
100000
100000
2000000
2000000
2
2
500
500
500
500
4
4
30
30
1
1
0
0
disabled
disabled
never
never
never
never
-----------------------
NVM RATIO: 1:2
202603260219
-----------------------
-----------------------
NVM RATIO: 1:2
202603260219
-----------------------
rmdir: failed to remove '/sys/fs/cgroup/htmm'rmdir: failed to remove '/sys/fs/cgroup/htmm': No such file or directory: No such file or directory

+memory
+memory
+cpuset
+cpuset
3193
3193
enabled
enabled
15728640000
15728640000
[HTMM_DIAG] memory.max_at_node0 = 15728640000 bytes (15000 MB)
[HTMM_DIAG] memory.max_at_node0 = 15728640000 bytes (15000 MB)
[HTMM_DIAG] memory.htmm_enabled = [enabled] disabled
[HTMM_DIAG] memory.htmm_enabled = [enabled] disabled
[HTMM_DIAG] cgroup.procs size = 3
[HTMM_DIAG] cgroup.procs size = 3
               total        used        free      shared  buff/cache   available
Mem:       350099132     5243584   344656044        5560      199504   343619480
Swap:        8388604           0     8388604
               total        used        free      shared  buff/cache   available
Mem:       350099132     5243584   344656044        5560      199504   343619480
Swap:        8388604           0     8388604
=== GUPS Hotness Test (Single-Process + Placement Monitor) ===
=== Test10: Hot region at 40%~60% of address space ===
Updates:       7000000000
Total memory:  45000 MB (43.95 GB)
Element size:  8 bytes
Total elems:   5898240000
Hot region:    elems[2359296000..3538944000) = 1179648000 elems (9000.0 MB, addr 40%~60%)
Cold region:   4718592000 elems (36000.0 MB, addr 0%~40% + 60%~100%)
Access ratio:  hot 80% / cold 20%
Placement check interval: every 1000000000 accesses
Region: 0x400000000000 - 0x400afc800000
Hot:    0x400465000000 - 0x400697800000
Touching pages (first-touch allocation)...
Page touch complete.
[PLACEMENT #0] t=0.0s hot_pages=2304000  node0(DRAM)=364412(15.8%)  node2(PM)=1939588(84.2%)  other=0 err=0

=== Starting GUPS (single process + placement monitor) ===
=== GUPS Hotness Test (Single-Process + Placement Monitor) ===
=== Test10: Hot region at 40%~60% of address space ===
Updates:       7000000000
Total memory:  45000 MB (43.95 GB)
Element size:  8 bytes
Total elems:   5898240000
Hot region:    elems[2359296000..3538944000) = 1179648000 elems (9000.0 MB, addr 40%~60%)
Cold region:   4718592000 elems (36000.0 MB, addr 0%~40% + 60%~100%)
Access ratio:  hot 80% / cold 20%
Placement check interval: every 1000000000 accesses
Region: 0x400000000000 - 0x400afc800000
Hot:    0x400465000000 - 0x400697800000
Touching pages (first-touch allocation)...
Page touch complete.
[PLACEMENT #0] t=0.0s hot_pages=2304000  node0(DRAM)=364412(15.8%)  node2(PM)=1939588(84.2%)  other=0 err=0

=== Starting GUPS (single process + placement monitor) ===
[PLACEMENT #1] t=144.8s hot_pages=2304000  node0(DRAM)=377158(16.4%)  node2(PM)=1926842(83.6%)  other=0 err=0
[PLACEMENT #1] t=144.8s hot_pages=2304000  node0(DRAM)=377158(16.4%)  node2(PM)=1926842(83.6%)  other=0 err=0
[PLACEMENT #2] t=263.9s hot_pages=2304000  node0(DRAM)=377161(16.4%)  node2(PM)=1926839(83.6%)  other=0 err=0
[PLACEMENT #2] t=263.9s hot_pages=2304000  node0(DRAM)=377161(16.4%)  node2(PM)=1926839(83.6%)  other=0 err=0
[PLACEMENT #3] t=383.0s hot_pages=2304000  node0(DRAM)=377161(16.4%)  node2(PM)=1926839(83.6%)  other=0 err=0
[PLACEMENT #3] t=383.0s hot_pages=2304000  node0(DRAM)=377161(16.4%)  node2(PM)=1926839(83.6%)  other=0 err=0
[PLACEMENT #4] t=502.2s hot_pages=2304000  node0(DRAM)=377164(16.4%)  node2(PM)=1926836(83.6%)  other=0 err=0
[PLACEMENT #4] t=502.2s hot_pages=2304000  node0(DRAM)=377164(16.4%)  node2(PM)=1926836(83.6%)  other=0 err=0
[PLACEMENT #5] t=620.9s hot_pages=2304000  node0(DRAM)=377164(16.4%)  node2(PM)=1926836(83.6%)  other=0 err=0
[PLACEMENT #5] t=620.9s hot_pages=2304000  node0(DRAM)=377164(16.4%)  node2(PM)=1926836(83.6%)  other=0 err=0
[PLACEMENT #6] t=739.4s hot_pages=2304000  node0(DRAM)=377164(16.4%)  node2(PM)=1926836(83.6%)  other=0 err=0
[PLACEMENT #6] t=739.4s hot_pages=2304000  node0(DRAM)=377164(16.4%)  node2(PM)=1926836(83.6%)  other=0 err=0
[PLACEMENT #7] t=858.0s hot_pages=2304000  node0(DRAM)=377164(16.4%)  node2(PM)=1926836(83.6%)  other=0 err=0
[PLACEMENT #7] t=858.0s hot_pages=2304000  node0(DRAM)=377164(16.4%)  node2(PM)=1926836(83.6%)  other=0 err=0
[PLACEMENT #8] t=858.1s hot_pages=2304000  node0(DRAM)=377164(16.4%)  node2(PM)=1926836(83.6%)  other=0 err=0

=== Results ===
Time:          858.094 seconds
Updates:       7000000000
GUPS:          0.008158
Hot accesses:  5599928439 (80.0%)
Cold accesses: 1400071561 (20.0%)
Placement checks: 8

[SUMMARY] GUPS=0.008158  Time=858.094  Updates=7000000000 HotPct=80.0 ColdPct=20.0 PlacementChecks=8
[PLACEMENT #8] t=858.1s hot_pages=2304000  node0(DRAM)=377164(16.4%)  node2(PM)=1926836(83.6%)  other=0 err=0

=== Results ===
Time:          858.094 seconds
Updates:       7000000000
GUPS:          0.008158
Hot accesses:  5599928439 (80.0%)
Cold accesses: 1400071561 (20.0%)
Placement checks: 8

[SUMMARY] GUPS=0.008158  Time=858.094  Updates=7000000000 HotPct=80.0 ColdPct=20.0 PlacementChecks=8
pid: 3643
pid: 3643
executexecution time ion time 909.56 (s)
909.56 (s)
/mnt/sas_ssd/lyh/memtis-Nomad/adaptive-userspace/scripts/run_bench.sh: line 102:  3637 Killed                  ${DIR}/scripts/memory_stat.sh ${LOG_DIR}
/mnt/sas_ssd/lyh/memtis-Nomad/adaptive-userspace/scripts/run_bench.sh: line 102:  3637 Killed                  ${DIR}/scripts/memory_stat.sh ${LOG_DIR}
+memory
+memory
+cpuset
+cpuset
3193
3193
disabled
disabled
[2026-03-26 02:34:19] Trace saved -> /mnt/sas_ssd/lyh/memtis-Nomad/adaptive-userspace/results/gups-quick/20260325_optimize_v1/adaptive/1:2/adaptive_trace.txt
[2026-03-26 02:34:19] Trace saved -> /mnt/sas_ssd/lyh/memtis-Nomad/adaptive-userspace/results/gups-quick/20260325_optimize_v1/adaptive/1:2/adaptive_trace.txt
[2026-03-26 02:34:19] DONE: adaptive / gups-quick / 1:2
[2026-03-26 02:34:19] DONE: adaptive / gups-quick / 1:2
[2026-03-26 02:34:19] State -> adaptive:gups-quick:1:4
[2026-03-26 02:34:19] State -> adaptive:gups-quick:1:4
[2026-03-26 02:34:19] ==========================================
[2026-03-26 02:34:19] ==========================================
[2026-03-26 02:34:19] RUN: adaptive / gups-quick / 1:4
[2026-03-26 02:34:19] RUN: adaptive / gups-quick / 1:4
[2026-03-26 02:34:19] ==========================================
[2026-03-26 02:34:19] ==========================================
Preparing benchmark start...
Preparing benchmark start...
sysctl: setting key "kernel.perf_event_max_sample_rate"sysctl: setting key "kernel.perf_event_max_sample_rate": Invalid argument
: Invalid argument
kernel.perf_cpu_time_max_percent = 0
kernel.perf_cpu_time_max_percent = 0
199
199
100007
100007
3
3
2
2
100000
100000
2000000
2000000
2
2
500
500
500
500
4
4
30
30
1
1
0
0
disabled
disabled
never
never
never
never
-----------------------
NVM RATIO: 1:4
202603260234
-----------------------
-----------------------
NVM RATIO: 1:4
202603260234
-----------------------
+memory
+memory
+cpuset
+cpuset
45461
45461
enabled
enabled
9437184000
9437184000
[HTMM_DIAG] memory.max_at_node0 = 9437184000 bytes (9000 MB)
[HTMM_DIAG] memory.max_at_node0 = 9437184000 bytes (9000 MB)
[HTMM_DIAG] memory.htmm_enabled = [enabled] disabled
[HTMM_DIAG] memory.htmm_enabled = [enabled] disabled
[HTMM_DIAG] cgroup.procs size = 3
[HTMM_DIAG] cgroup.procs size = 3
               total        used        free      shared  buff/cache   available
Mem:       350099132     6257796   343394596        5604      446740   342481108
Swap:        8388604           0     8388604
               total        used        free      shared  buff/cache   available
Mem:       350099132     6257796   343394596        5604      446740   342481108
Swap:        8388604           0     8388604
=== GUPS Hotness Test (Single-Process + Placement Monitor) ===
=== Test10: Hot region at 40%~60% of address space ===
Updates:       7000000000
Total memory:  45000 MB (43.95 GB)
Element size:  8 bytes
Total elems:   5898240000
Hot region:    elems[2359296000..3538944000) = 1179648000 elems (9000.0 MB, addr 40%~60%)
Cold region:   4718592000 elems (36000.0 MB, addr 0%~40% + 60%~100%)
Access ratio:  hot 80% / cold 20%
Placement check interval: every 1000000000 accesses
Region: 0x400000000000 - 0x400afc800000
Hot:    0x400465000000 - 0x400697800000
Touching pages (first-touch allocation)...
Page touch complete.
[PLACEMENT #0] t=0.0s hot_pages=2304000  node0(DRAM)=102558(4.5%)  node2(PM)=2201442(95.5%)  other=0 err=0

=== Starting GUPS (single process + placement monitor) ===
=== GUPS Hotness Test (Single-Process + Placement Monitor) ===
=== Test10: Hot region at 40%~60% of address space ===
Updates:       7000000000
Total memory:  45000 MB (43.95 GB)
Element size:  8 bytes
Total elems:   5898240000
Hot region:    elems[2359296000..3538944000) = 1179648000 elems (9000.0 MB, addr 40%~60%)
Cold region:   4718592000 elems (36000.0 MB, addr 0%~40% + 60%~100%)
Access ratio:  hot 80% / cold 20%
Placement check interval: every 1000000000 accesses
Region: 0x400000000000 - 0x400afc800000
Hot:    0x400465000000 - 0x400697800000
Touching pages (first-touch allocation)...
Page touch complete.
[PLACEMENT #0] t=0.0s hot_pages=2304000  node0(DRAM)=102558(4.5%)  node2(PM)=2201442(95.5%)  other=0 err=0

=== Starting GUPS (single process + placement monitor) ===
[PLACEMENT #1] t=140.5s hot_pages=2304000  node0(DRAM)=114815(5.0%)  node2(PM)=2189185(95.0%)  other=0 err=0
[PLACEMENT #1] t=140.5s hot_pages=2304000  node0(DRAM)=114815(5.0%)  node2(PM)=2189185(95.0%)  other=0 err=0
[PLACEMENT #2] t=272.4s hot_pages=2304000  node0(DRAM)=114830(5.0%)  node2(PM)=2189170(95.0%)  other=0 err=0
[PLACEMENT #2] t=272.4s hot_pages=2304000  node0(DRAM)=114830(5.0%)  node2(PM)=2189170(95.0%)  other=0 err=0
[PLACEMENT #3] t=404.3s hot_pages=2304000  node0(DRAM)=114834(5.0%)  node2(PM)=2189166(95.0%)  other=0 err=0
[PLACEMENT #3] t=404.3s hot_pages=2304000  node0(DRAM)=114834(5.0%)  node2(PM)=2189166(95.0%)  other=0 err=0
[PLACEMENT #4] t=536.2s hot_pages=2304000  node0(DRAM)=114834(5.0%)  node2(PM)=2189166(95.0%)  other=0 err=0
[PLACEMENT #4] t=536.2s hot_pages=2304000  node0(DRAM)=114834(5.0%)  node2(PM)=2189166(95.0%)  other=0 err=0
[PLACEMENT #5] t=668.1s hot_pages=2304000  node0(DRAM)=114834(5.0%)  node2(PM)=2189166(95.0%)  other=0 err=0
[PLACEMENT #5] t=668.1s hot_pages=2304000  node0(DRAM)=114834(5.0%)  node2(PM)=2189166(95.0%)  other=0 err=0
[PLACEMENT #6] t=800.0s hot_pages=2304000  node0(DRAM)=114834(5.0%)  node2(PM)=2189166(95.0%)  other=0 err=0
[PLACEMENT #6] t=800.0s hot_pages=2304000  node0(DRAM)=114834(5.0%)  node2(PM)=2189166(95.0%)  other=0 err=0
[PLACEMENT #7] t=931.9s hot_pages=2304000  node0(DRAM)=114834(5.0%)  node2(PM)=2189166(95.0%)  other=0 err=0
[PLACEMENT #7] t=931.9s hot_pages=2304000  node0(DRAM)=114834(5.0%)  node2(PM)=2189166(95.0%)  other=0 err=0
[PLACEMENT #8] t=932.0s hot_pages=2304000  node0(DRAM)=114834(5.0%)  node2(PM)=2189166(95.0%)  other=0 err=0

=== Results ===
Time:          932.034 seconds
Updates:       7000000000
GUPS:          0.007510
Hot accesses:  5599928439 (80.0%)
Cold accesses: 1400071561 (20.0%)
Placement checks: 8

[SUMMARY] GUPS=0.007510  Time=932.034  Updates=7000000000 HotPct=80.0 ColdPct=20.0 PlacementChecks=8
[PLACEMENT #8] t=932.0s hot_pages=2304000  node0(DRAM)=114834(5.0%)  node2(PM)=2189166(95.0%)  other=0 err=0

=== Results ===
Time:          932.034 seconds
Updates:       7000000000
GUPS:          0.007510
Hot accesses:  5599928439 (80.0%)
Cold accesses: 1400071561 (20.0%)
Placement checks: 8

[SUMMARY] GUPS=0.007510  Time=932.034  Updates=7000000000 HotPct=80.0 ColdPct=20.0 PlacementChecks=8
pid: 45636
pid: 45636
execuexecution time tion time 987.20 (s)987.20 (s)

/mnt/sas_ssd/lyh/memtis-Nomad/adaptive-userspace/scripts/run_bench.sh: line 102: 45627 Killed                  ${DIR}/scripts/memory_stat.sh ${LOG_DIR}
/mnt/sas_ssd/lyh/memtis-Nomad/adaptive-userspace/scripts/run_bench.sh: line 102: 45627 Killed                  ${DIR}/scripts/memory_stat.sh ${LOG_DIR}
+memory
+memory
+cpuset
+cpuset
45461
45461
disabled
disabled
[2026-03-26 02:50:54] Trace saved -> /mnt/sas_ssd/lyh/memtis-Nomad/adaptive-userspace/results/gups-quick/20260325_optimize_v1/adaptive/1:4/adaptive_trace.txt
[2026-03-26 02:50:54] Trace saved -> /mnt/sas_ssd/lyh/memtis-Nomad/adaptive-userspace/results/gups-quick/20260325_optimize_v1/adaptive/1:4/adaptive_trace.txt
[2026-03-26 02:50:54] DONE: adaptive / gups-quick / 1:4
[2026-03-26 02:50:54] DONE: adaptive / gups-quick / 1:4
[2026-03-26 02:50:54] State -> adaptive:gapbs-pr:1:2
[2026-03-26 02:50:54] State -> adaptive:gapbs-pr:1:2
[2026-03-26 02:50:54] ==========================================
[2026-03-26 02:50:54] ==========================================
[2026-03-26 02:50:54] RUN: adaptive / gapbs-pr / 1:2
[2026-03-26 02:50:54] RUN: adaptive / gapbs-pr / 1:2
[2026-03-26 02:50:54] ==========================================
[2026-03-26 02:50:54] ==========================================
Preparing benchmark start...
Preparing benchmark start...
sysctl: setting key "kernel.perf_event_max_sample_rate"sysctl: setting key "kernel.perf_event_max_sample_rate": Invalid argument
: Invalid argument
kernel.perf_cpu_time_max_percent = 0
kernel.perf_cpu_time_max_percent = 0
199
199
100007
100007
3
3
2
2
100000
100000
2000000
2000000
2
2
500
500
500
500
4
4
30
30
1
1
0
0
disabled
disabled
never
never
never
never
-----------------------
NVM RATIO: 1:2
202603260250
-----------------------
-----------------------
NVM RATIO: 1:2
202603260250
-----------------------
+memory
+memory
+cpuset
+cpuset
89222
89222
enabled
enabled
1887436800
1887436800
[HTMM_DIAG] memory.max_at_node0 = 1887436800 bytes (1800 MB)
[HTMM_DIAG] memory.max_at_node0 = 1887436800 bytes (1800 MB)
[HTMM_DIAG] memory.htmm_enabled = [enabled] disabled
[HTMM_DIAG] memory.htmm_enabled = [enabled] disabled
[HTMM_DIAG] cgroup.procs size = 3
[HTMM_DIAG] cgroup.procs size = 3
               total        used        free      shared  buff/cache   available
Mem:       350099132     6389544   343252608        5604      456980   342344764
Swap:        8388604           0     8388604
               total        used        free      shared  buff/cache   available
Mem:       350099132     6389544   343252608        5604      456980   342344764
Swap:        8388604           0     8388604
Read Time:           9.93487
Graph has 33554432 nodes and 523609147 undirected edges for degree: 15
Read Time:           9.93487
Graph has 33554432 nodes and 523609147 undirected edges for degree: 15
Trial Time:          2.41048
Trial Time:          2.31343
Trial Time:          2.23222
Trial Time:          2.24231
Trial Time:          16.90786
Trial Time:          35.95149
Trial Time:          36.91958
Trial Time:          36.74775
Trial Time:          36.61051
Trial Time:          36.74595
Trial Time:          36.70731
Trial Time:          36.79300
Trial Time:          36.79329
Trial Time:          36.82156
Trial Time:          36.79490
Trial Time:          36.69144
Trial Time:          36.68763
Trial Time:          36.65349
Trial Time:          36.75106
Trial Time:          36.72683
Trial Time:          36.79836
Trial Time:          36.74859
Trial Time:          36.75259
Trial Time:          36.77111
Trial Time:          37.10943
Trial Time:          35.97287
Trial Time:          36.73047
Trial Time:          30.91308
Trial Time:          37.07745
Trial Time:          37.04402
Trial Time:          37.02116
Trial Time:          37.19394
Trial Time:          37.18476
Trial Time:          37.26681
Trial Time:          37.26529
Trial Time:          11.61147
Trial Time:          19.65300
Trial Time:          4.81023
Trial Time:          19.59936
Trial Time:          19.65022
Trial Time:          18.99141
Trial Time:          28.89504
Trial Time:          32.79676
Trial Time:          31.43636
Trial Time:          36.26109
Trial Time:          11.85219
Trial Time:          2.02405
Trial Time:          2.02966
Trial Time:          2.02777
Trial Time:          2.07398
Trial Time:          2.01811
Trial Time:          2.01180
Trial Time:          2.05285
Trial Time:          2.01614
Trial Time:          2.03055
Trial Time:          1.98964
Trial Time:          1.99878
Trial Time:          1.99297
Trial Time:          1.98634
Trial Time:          1.99083
Trial Time:          1.99386
Trial Time:          1.99116
Trial Time:          1.97596
Trial Time:          1.99104
Trial Time:          1.99312
Trial Time:          1.98917
Trial Time:          1.98896
Trial Time:          1.98464
Trial Time:          1.98749
Trial Time:          1.99103
Trial Time:          1.98993
Trial Time:          1.98192
Trial Time:          1.99497
Trial Time:          1.98687
Trial Time:          1.98724
Trial Time:          1.98945
Trial Time:          1.98717
Trial Time:          1.99368
Trial Time:          1.99463
Trial Time:          1.99327
Trial Time:          1.98544
Trial Time:          1.98892
Trial Time:          1.99229
Trial Time:          1.97967
Trial Time:          1.98677
Trial Time:          1.98942
Trial Time:          1.99011
Trial Time:          1.98723
Trial Time:          1.98921
Trial Time:          1.99285
Trial Time:          1.99106
Trial Time:          1.98519
Trial Time:          1.98849
Trial Time:          1.98920
Trial Time:          1.99585
Trial Time:          1.98688
Trial Time:          2.05783
Trial Time:          2.00271
Trial Time:          2.00576
Trial Time:          1.99624
Trial Time:          1.99411
Trial Time:          1.99515
Trial Time:          1.99892
Trial Time:          1.99959
Trial Time:          2.00477
Trial Time:          1.98794
Trial Time:          1.99726
Trial Time:          1.99742
Trial Time:          2.00085
Trial Time:          2.00486
Trial Time:          1.99335
Trial Time:          1.99707
Trial Time:          1.98911
Trial Time:          1.98945
Trial Time:          1.99917
Trial Time:          1.99314
Trial Time:          1.99619
Trial Time:          1.99726
Trial Time:          2.00439
Trial Time:          1.99729
Trial Time:          1.99979
Trial Time:          1.99570
Trial Time:          1.99660
Trial Time:          1.98969
Trial Time:          1.99709
Trial Time:          1.99978
Trial Time:          1.99809
Trial Time:          2.00230
Trial Time:          2.00351
Trial Time:          1.99216
Trial Time:          2.00575
Trial Time:          1.99983
Trial Time:          2.00541
Trial Time:          1.99856
Trial Time:          1.99729
Trial Time:          2.00928
Trial Time:          1.99779
Trial Time:          1.99883
Trial Time:          2.00131
Trial Time:          2.0Trial Time:          2.41048
Trial Time:          2.31343
Trial Time:          2.23222
Trial Time:          2.24231
Trial Time:          16.90786
Trial Time:          35.95149
Trial Time:          36.91958
Trial Time:          36.74775
Trial Time:          36.61051
Trial Time:          36.74595
Trial Time:          36.70731
Trial Time:          36.79300
Trial Time:          36.79329
Trial Time:          36.82156
Trial Time:          36.79490
Trial Time:          36.69144
Trial Time:          36.68763
Trial Time:          36.65349
Trial Time:          36.75106
Trial Time:          36.72683
Trial Time:          36.79836
Trial Time:          36.74859
Trial Time:          36.75259
Trial Time:          36.77111
Trial Time:          37.10943
Trial Time:          35.97287
Trial Time:          36.73047
Trial Time:          30.91308
Trial Time:          37.07745
Trial Time:          37.04402
Trial Time:          37.02116
Trial Time:          37.19394
Trial Time:          37.18476
Trial Time:          37.26681
Trial Time:          37.26529
Trial Time:          11.61147
Trial Time:          19.65300
Trial Time:          4.81023
Trial Time:          19.59936
Trial Time:          19.65022
Trial Time:          18.99141
Trial Time:          28.89504
Trial Time:          32.79676
Trial Time:          31.43636
Trial Time:          36.26109
Trial Time:          11.85219
Trial Time:          2.02405
Trial Time:          2.02966
Trial Time:          2.02777
Trial Time:          2.07398
Trial Time:          2.01811
Trial Time:          2.01180
Trial Time:          2.05285
Trial Time:          2.01614
Trial Time:          2.03055
Trial Time:          1.98964
Trial Time:          1.99878
Trial Time:          1.99297
Trial Time:          1.98634
Trial Time:          1.99083
Trial Time:          1.99386
Trial Time:          1.99116
Trial Time:          1.97596
Trial Time:          1.99104
Trial Time:          1.99312
Trial Time:          1.98917
Trial Time:          1.98896
Trial Time:          1.98464
Trial Time:          1.98749
Trial Time:          1.99103
Trial Time:          1.98993
Trial Time:          1.98192
Trial Time:          1.99497
Trial Time:          1.98687
Trial Time:          1.98724
Trial Time:          1.98945
Trial Time:          1.98717
Trial Time:          1.99368
Trial Time:          1.99463
Trial Time:          1.99327
Trial Time:          1.98544
Trial Time:          1.98892
Trial Time:          1.99229
Trial Time:          1.97967
Trial Time:          1.98677
Trial Time:          1.98942
Trial Time:          1.99011
Trial Time:          1.98723
Trial Time:          1.98921
Trial Time:          1.99285
Trial Time:          1.99106
Trial Time:          1.98519
Trial Time:          1.98849
Trial Time:          1.98920
Trial Time:          1.99585
Trial Time:          1.98688
Trial Time:          2.05783
Trial Time:          2.00271
Trial Time:          2.00576
Trial Time:          1.99624
Trial Time:          1.99411
Trial Time:          1.99515
Trial Time:          1.99892
Trial Time:          1.99959
Trial Time:          2.00477
Trial Time:          1.98794
Trial Time:          1.99726
Trial Time:          1.99742
Trial Time:          2.00085
Trial Time:          2.00486
Trial Time:          1.99335
Trial Time:          1.99707
Trial Time:          1.98911
Trial Time:          1.98945
Trial Time:          1.99917
Trial Time:          1.99314
Trial Time:          1.99619
Trial Time:          1.99726
Trial Time:          2.00439
Trial Time:          1.99729
Trial Time:          1.99979
Trial Time:          1.99570
Trial Time:          1.99660
Trial Time:          1.98969
Trial Time:          1.99709
Trial Time:          1.99978
Trial Time:          1.99809
Trial Time:          2.00230
Trial Time:          2.00351
Trial Time:          1.99216
Trial Time:          2.00575
Trial Time:          1.99983
Trial Time:          2.00541
Trial Time:          1.99856
Trial Time:          1.99729
Trial Time:          2.00928
Trial Time:          1.99779
Trial Time:          1.99883
Trial Time:          2.00131
Trial Time:          2.00114
Trial Time:          1.99737
Trial Time:          2.00417
Trial Time:          1.99332
Trial Time:          2.00296
Trial Time:          2.00397
Trial Time:          2.00282
Trial Time:          2.00497
Trial Time:          1.99883
Trial Time:          2.00451
Trial Time:          2.00446
Trial Time:          2.00153
Trial Time:          2.05000
Trial Time:          2.09918
Trial Time:          2.10394
Trial Time:          2.23690
Trial Time:          2.20747
Trial Time:          2.06231
Trial Time:          2.13035
Trial Time:          2.05671
Trial Time:          2.10396
Trial Time:          2.10187
Trial Time:          2.14394
Trial Time:          2.04136
Trial Time:          2.11112
Trial Time:          2.09238
Trial Time:          2.10984
Trial Time:          2.11075
Trial Time:          2.05182
Trial Time:          2.00864
Trial Time:          1.99834
Trial Time:          2.00017
Trial Time:          1.99600
Trial Time:          1.99800
Trial Time:          1.99875
Trial Time:          2.00132
Trial Time:          2.00367
Trial Time:          2.00324
Trial Time:          2.00261
Trial Time:          1.99835
Trial Time:          2.01603
Trial Time:          2.00076
Trial Time:          2.00464
Trial Time:          2.00198
Trial Time:          1.99794
Trial Time:          2.00190
Trial Time:          1.99808
Trial Time:          2.00066
Trial Time:          2.00086
Trial Time:          2.00239
Trial Time:          1.99577
Trial Time:          2.00295
Trial Time:          1.99411
Trial Time:          2.00381
Trial Time:          2.00715
Trial Time:          1.99952
Trial Time:          1.99622
Trial Time:          2.00848
Trial Time:          2.00690
Trial Time:          2.00127
Trial Time:          1.99705
Average Time:        8.34813
0114
Trial Time:          1.99737
Trial Time:          2.00417
Trial Time:          1.99332
Trial Time:          2.00296
Trial Time:          2.00397
Trial Time:          2.00282
Trial Time:          2.00497
Trial Time:          1.99883
Trial Time:          2.00451
Trial Time:          2.00446
Trial Time:          2.00153
Trial Time:          2.05000
Trial Time:          2.09918
Trial Time:          2.10394
Trial Time:          2.23690
Trial Time:          2.20747
Trial Time:          2.06231
Trial Time:          2.13035
Trial Time:          2.05671
Trial Time:          2.10396
Trial Time:          2.10187
Trial Time:          2.14394
Trial Time:          2.04136
Trial Time:          2.11112
Trial Time:          2.09238
Trial Time:          2.10984
Trial Time:          2.11075
Trial Time:          2.05182
Trial Time:          2.00864
Trial Time:          1.99834
Trial Time:          2.00017
Trial Time:          1.99600
Trial Time:          1.99800
Trial Time:          1.99875
Trial Time:          2.00132
Trial Time:          2.00367
Trial Time:          2.00324
Trial Time:          2.00261
Trial Time:          1.99835
Trial Time:          2.01603
Trial Time:          2.00076
Trial Time:          2.00464
Trial Time:          2.00198
Trial Time:          1.99794
Trial Time:          2.00190
Trial Time:          1.99808
Trial Time:          2.00066
Trial Time:          2.00086
Trial Time:          2.00239
Trial Time:          1.99577
Trial Time:          2.00295
Trial Time:          1.99411
Trial Time:          2.00381
Trial Time:          2.00715
Trial Time:          1.99952
Trial Time:          1.99622
Trial Time:          2.00848
Trial Time:          2.00690
Trial Time:          2.00127
Trial Time:          1.99705
Average Time:        8.34813
[2026-03-26 11:59:10] [resume] Resuming from state: adaptive:gapbs-pr:1:2
[2026-03-26 11:59:10] [resume] Resuming from state: adaptive:gapbs-pr:1:2
[2026-03-26 11:59:20] optimize_compare start, state=adaptive:gapbs-pr:1:2
[2026-03-26 11:59:20] optimize_compare start, state=adaptive:gapbs-pr:1:2
[2026-03-26 11:59:20] ==========================================
[2026-03-26 11:59:20] ==========================================
[2026-03-26 11:59:20] RUN: adaptive / gapbs-pr / 1:2
[2026-03-26 11:59:20] RUN: adaptive / gapbs-pr / 1:2
[2026-03-26 11:59:20] ==========================================
[2026-03-26 11:59:20] ==========================================
Preparing benchmark start...
Preparing benchmark start...
kernel.perf_event_max_sample_rate = 100000
kernel.perf_event_max_sample_rate = 100000
kernel.perf_cpu_time_max_percent = 0
kernel.perf_cpu_time_max_percent = 0
tee: /sys/kernel/mm/htmm/htmm_sample_periodtee: /sys/kernel/mm/htmm/htmm_sample_period: No such file or directory
: No such file or directory
199
199
tee: /sys/kernel/mm/htmm/htmm_inst_sample_periodtee: /sys/kernel/mm/htmm/htmm_inst_sample_period: No such file or directory
100007
: No such file or directory
100007
tee: /sys/kernel/mm/htmm/htmm_thres_hottee: /sys/kernel/mm/htmm/htmm_thres_hot: No such file or directory
3
: No such file or directory
3
tee: /sys/kernel/mm/htmm/htmm_split_periodtee: /sys/kernel/mm/htmm/htmm_split_period: No such file or directory
2
: No such file or directory
2
tee: /sys/kernel/mm/htmm/htmm_adaptation_periodtee: /sys/kernel/mm/htmm/htmm_adaptation_period: No such file or directory
100000
: No such file or directory
100000
tee: /sys/kernel/mm/htmm/htmm_cooling_periodtee: /sys/kernel/mm/htmm/htmm_cooling_period: No such file or directory
2000000
: No such file or directory
2000000
tee: /sys/kernel/mm/htmm/htmm_modetee: /sys/kernel/mm/htmm/htmm_mode: No such file or directory
2
: No such file or directory
2
tee: /sys/kernel/mm/htmm/htmm_demotion_period_in_mstee: /sys/kernel/mm/htmm/htmm_demotion_period_in_ms: No such file or directory
500
: No such file or directory
500
tee: /sys/kernel/mm/htmm/htmm_promotion_period_in_mstee: /sys/kernel/mm/htmm/htmm_promotion_period_in_ms: No such file or directory
500
: No such file or directory
500
tee: /sys/kernel/mm/htmm/htmm_gammatee: /sys/kernel/mm/htmm/htmm_gamma: No such file or directory
4
: No such file or directory
4
tee: /sys/kernel/mm/htmm/ksampled_soft_cpu_quotatee: /sys/kernel/mm/htmm/ksampled_soft_cpu_quota: No such file or directory
30
: No such file or directory
30
tee: /sys/kernel/mm/htmm/htmm_thres_splittee: /sys/kernel/mm/htmm/htmm_thres_split: No such file or directory
1
: No such file or directory
1
tee: /sys/kernel/mm/htmm/htmm_nowarmtee: /sys/kernel/mm/htmm/htmm_nowarm: No such file or directory
0
: No such file or directory
0
/mnt/sas_ssd/lyh/memtis-Nomad/adaptive-userspace/scripts/set_uncore_freq.sh: line 10: /sys/devices/system/cpu/intel_uncore_frequency/package_01_die_00/max_freq_khz: No such file or directory
/mnt/sas_ssd/lyh/memtis-Nomad/adaptive-userspace/scripts/set_uncore_freq.sh: line 11: /sys/devices/system/cpu/intel_uncore_frequency/package_01_die_00/min_freq_khz: No such file or directory
/mnt/sas_ssd/lyh/memtis-Nomad/adaptive-userspace/scripts/set_uncore_freq.sh: line 10: /sys/devices/system/cpu/intel_uncore_frequency/package_01_die_00/max_freq_khz: No such file or directory
/mnt/sas_ssd/lyh/memtis-Nomad/adaptive-userspace/scripts/set_uncore_freq.sh: line 11: /sys/devices/system/cpu/intel_uncore_frequency/package_01_die_00/min_freq_khz: No such file or directory
tee: /sys/kernel/mm/htmm/htmm_cxl_modetee: /sys/kernel/mm/htmm/htmm_cxl_mode: No such file or directory
disabled
: No such file or directory
disabled
never
never
never
never
-----------------------
NVM RATIO: 1:2
202603261159
-----------------------
-----------------------
NVM RATIO: 1:2
202603261159
-----------------------
rmdir: failed to remove '/sys/fs/cgroup/htmm': No such file or directory
rmdir: failed to remove '/sys/fs/cgroup/htmm': No such file or directory
+memory
+memory
+cpuset
+cpuset
2621
2621
tee: /sys/fs/cgroup/htmm/memory.htmm_enabledtee: /sys/fs/cgroup/htmm/memory.htmm_enabled: Permission denied
enabled
: Permission denied
enabled
invalid node id: 0
invalid node id: 0
[HTMM_DIAG] WARNING: /sys/fs/cgroup/htmm/memory.max_at_node0 不存在 — htmm cgroup 可能未正确创建！
[HTMM_DIAG] WARNING: /sys/fs/cgroup/htmm/memory.max_at_node0 不存在 — htmm cgroup 可能未正确创建！
               total        used        free      shared  buff/cache   available
Mem:       197239764     1412048   195590204        5656      237512   194857828
Swap:        8388604           0     8388604
               total        used        free      shared  buff/cache   available
Mem:       197239764     1412048   195590204        5656      237512   194857828
Swap:        8388604           0     8388604
cat: /sys/fs/cgroup/htmm/memory.hotness_stat: No such file or directory
cat: /sys/fs/cgroup/htmm/memory.hotness_stat: No such file or directory
cat: /sys/fs/cgroup/htmm/memory.hotness_statcat: /sys/fs/cgroup/htmm/memory.hotness_stat: No such file or directory
: No such file or directory
cat: /sys/fs/cgroup/htmm/memory.hotness_statcat: /sys/fs/cgroup/htmm/memory.hotness_stat: No such file or directory
: No such file or directory
cat: /sys/fs/cgroup/htmm/memory.hotness_statcat: /sys/fs/cgroup/htmm/memory.hotness_stat: No such file or directory
: No such file or directory
cat: /sys/fs/cgroup/htmm/memory.hotness_statcat: /sys/fs/cgroup/htmm/memory.hotness_stat: No such file or directory
: No such file or directory
Read Time:           4.87434
Graph has 33554432 nodes and 523609147 undirected edges for degree: 15
Read Time:           4.87434
Graph has 33554432 nodes and 523609147 undirected edges for degree: 15
cat: /sys/fs/cgroup/htmm/memory.hotness_statcat: /sys/fs/cgroup/htmm/memory.hotness_stat: No such file or directory
: No such file or directory
cat: /sys/fs/cgroup/htmm/memory.hotness_statcat: /sys/fs/cgroup/htmm/memory.hotness_stat: No such file or directory
: No such file or directory
cat: /sys/fs/cgroup/htmm/memory.hotness_statcat: /sys/fs/cgroup/htmm/memory.hotness_stat: No such file or directory
: No such file or directory
cat: /sys/fs/cgroup/htmm/memory.hotness_statcat: /sys/fs/cgroup/htmm/memory.hotness_stat: No such file or directory
: No such file or directory
cat: /sys/fs/cgroup/htmm/memory.hotness_statcat: /sys/fs/cgroup/htmm/memory.hotness_stat: No such file or directory
: No such file or directory
cat: /sys/fs/cgroup/htmm/memory.hotness_statcat: /sys/fs/cgroup/htmm/memory.hotness_stat: No such file or directory
: No such file or directory
cat: /sys/fs/cgroup/htmm/memory.hotness_statcat: /sys/fs/cgroup/htmm/memory.hotness_stat: No such file or directory
: No such file or directory
cat: /sys/fs/cgroup/htmm/memory.hotness_statcat: /sys/fs/cgroup/htmm/memory.hotness_stat: No such file or directory
: No such file or directory
cat: /sys/fs/cgroup/htmm/memory.hotness_statcat: /sys/fs/cgroup/htmm/memory.hotness_stat: No such file or directory
: No such file or directory
cat: /sys/fs/cgroup/htmm/memory.hotness_statcat: /sys/fs/cgroup/htmm/memory.hotness_stat: No such file or directory
: No such file or directory
cat: /sys/fs/cgroup/htmm/memory.hotness_statcat: /sys/fs/cgroup/htmm/memory.hotness_stat: No such file or directory
: No such file or directory
cat: /sys/fs/cgroup/htmm/memory.hotness_statcat: /sys/fs/cgroup/htmm/memory.hotness_stat: No such file or directory
: No such file or directory
cat: /sys/fs/cgroup/htmm/memory.hotness_statcat: /sys/fs/cgroup/htmm/memory.hotness_stat: No such file or directory
: No such file or directory
cat: /sys/fs/cgroup/htmm/memory.hotness_statcat: /sys/fs/cgroup/htmm/memory.hotness_stat: No such file or directory
: No such file or directory
cat: /sys/fs/cgroup/htmm/memory.hotness_statcat: /sys/fs/cgroup/htmm/memory.hotness_stat: No such file or directory
: No such file or directory
cat: /sys/fs/cgroup/htmm/memory.hotness_statcat: /sys/fs/cgroup/htmm/memory.hotness_stat: No such file or directory
: No such file or directory
cat: /sys/fs/cgroup/htmm/memory.hotness_statcat: /sys/fs/cgroup/htmm/memory.hotness_stat: No such file or directory
: No such file or directory
cat: /sys/fs/cgroup/htmm/memory.hotness_statcat: /sys/fs/cgroup/htmm/memory.hotness_stat: No such file or directory
: No such file or directory
cat: /sys/fs/cgroup/htmm/memory.hotness_statcat: /sys/fs/cgroup/htmm/memory.hotness_stat: No such file or directory
: No such file or directory
cat: /sys/fs/cgroup/htmm/memory.hotness_statcat: /sys/fs/cgroup/htmm/memory.hotness_stat: No such file or directory
: No such file or directory
cat: /sys/fs/cgroup/htmm/memory.hotness_statcat: /sys/fs/cgroup/htmm/memory.hotness_stat: No such file or directory
: No such file or directory
cat: /sys/fs/cgroup/htmm/memory.hotness_statcat: /sys/fs/cgroup/htmm/memory.hotness_stat: No such file or directory
: No such file or directory
cat: /sys/fs/cgroup/htmm/memory.hotness_statcat: /sys/fs/cgroup/htmm/memory.hotness_stat: No such file or directory
: No such file or directory
cat: /sys/fs/cgroup/htmm/memory.hotness_statcat: /sys/fs/cgroup/htmm/memory.hotness_stat: No such file or directory
: No such file or directory
cat: /sys/fs/cgroup/htmm/memory.hotness_statcat: /sys/fs/cgroup/htmm/memory.hotness_stat: No such file or directory
: No such file or directory
cat: /sys/fs/cgroup/htmm/memory.hotness_statcat: /sys/fs/cgroup/htmm/memory.hotness_stat: No such file or directory
: No such file or directory
cat: /sys/fs/cgroup/htmm/memory.hotness_statcat: /sys/fs/cgroup/htmm/memory.hotness_stat: No such file or directory
: No such file or directory
cat: /sys/fs/cgroup/htmm/memory.hotness_statcat: /sys/fs/cgroup/htmm/memory.hotness_stat: No such file or directory
: No such file or directory
cat: /sys/fs/cgroup/htmm/memory.hotness_statcat: /sys/fs/cgroup/htmm/memory.hotness_stat: No such file or directory
: No such file or directory
cat: /sys/fs/cgroup/htmm/memory.hotness_statcat: /sys/fs/cgroup/htmm/memory.hotness_stat: No such file or directory
: No such file or directory
cat: /sys/fs/cgroup/htmm/memory.hotness_statcat: /sys/fs/cgroup/htmm/memory.hotness_stat: No such file or directory
: No such file or directory
cat: /sys/fs/cgroup/htmm/memory.hotness_statcat: /sys/fs/cgroup/htmm/memory.hotness_stat: No such file or directory
: No such file or directory
cat: /sys/fs/cgroup/htmm/memory.hotness_statcat: /sys/fs/cgroup/htmm/memory.hotness_stat: No such file or directory
: No such file or directory
cat: /sys/fs/cgroup/htmm/memory.hotness_statcat: /sys/fs/cgroup/htmm/memory.hotness_stat: No such file or directory
: No such file or directory
cat: /sys/fs/cgroup/htmm/memory.hotness_statcat: /sys/fs/cgroup/htmm/memory.hotness_stat: No such file or directory
: No such file or directory
cat: /sys/fs/cgroup/htmm/memory.hotness_statcat: /sys/fs/cgroup/htmm/memory.hotness_stat: No such file or directory
: No such file or directory
cat: /sys/fs/cgroup/htmm/memory.hotness_statcat: /sys/fs/cgroup/htmm/memory.hotness_stat: No such file or directory
: No such file or directory
cat: /sys/fs/cgroup/htmm/memory.hotness_statcat: /sys/fs/cgroup/htmm/memory.hotness_stat: No such file or directory
: No such file or directory
cat: /sys/fs/cgroup/htmm/memory.hotness_statcat: /sys/fs/cgroup/htmm/memory.hotness_stat: No such file or directory
: No such file or directory
cat: /sys/fs/cgroup/htmm/memory.hotness_statcat: /sys/fs/cgroup/htmm/memory.hotness_stat: No such file or directory
: No such file or directory
cat: /sys/fs/cgroup/htmm/memory.hotness_statcat: /sys/fs/cgroup/htmm/memory.hotness_stat: No such file or directory
: No such file or directory
cat: /sys/fs/cgroup/htmm/memory.hotness_statcat: /sys/fs/cgroup/htmm/memory.hotness_stat: No such file or directory
: No such file or directory
cat: /sys/fs/cgroup/htmm/memory.hotness_statcat: /sys/fs/cgroup/htmm/memory.hotness_stat: No such file or directory
: No such file or directory
cat: /sys/fs/cgroup/htmm/memory.hotness_statcat: /sys/fs/cgroup/htmm/memory.hotness_stat: No such file or directory
: No such file or directory
cat: /sys/fs/cgroup/htmm/memory.hotness_statcat: /sys/fs/cgroup/htmm/memory.hotness_stat: No such file or directory
: No such file or directory
cat: /sys/fs/cgroup/htmm/memory.hotness_statcat: /sys/fs/cgroup/htmm/memory.hotness_stat: No such file or directory
: No such file or directory
cat: /sys/fs/cgroup/htmm/memory.hotness_statcat: /sys/fs/cgroup/htmm/memory.hotness_stat: No such file or directory
: No such file or directory
cat: /sys/fs/cgroup/htmm/memory.hotness_statcat: /sys/fs/cgroup/htmm/memory.hotness_stat: No such file or directory
: No such file or directory
cat: /sys/fs/cgroup/htmm/memory.hotness_statcat: /sys/fs/cgroup/htmm/memory.hotness_stat: No such file or directory
: No such file or directory
cat: /sys/fs/cgroup/htmm/memory.hotness_statcat: /sys/fs/cgroup/htmm/memory.hotness_stat: No such file or directory
: No such file or directory
cat: /sys/fs/cgroup/htmm/memory.hotness_statcat: /sys/fs/cgroup/htmm/memory.hotness_stat: No such file or directory
: No such file or directory
cat: /sys/fs/cgroup/htmm/memory.hotness_statcat: /sys/fs/cgroup/htmm/memory.hotness_stat: No such file or directory
: No such file or directory
cat: /sys/fs/cgroup/htmm/memory.hotness_statcat: /sys/fs/cgroup/htmm/memory.hotness_stat: No such file or directory
: No such file or directory
cat: /sys/fs/cgroup/htmm/memory.hotness_statcat: /sys/fs/cgroup/htmm/memory.hotness_stat: No such file or directory
: No such file or directory
cat: /sys/fs/cgroup/htmm/memory.hotness_statcat: /sys/fs/cgroup/htmm/memory.hotness_stat: No such file or directory
: No such file or directory
cat: /sys/fs/cgroup/htmm/memory.hotness_statcat: /sys/fs/cgroup/htmm/memory.hotness_stat: No such file or directory
: No such file or directory
cat: /sys/fs/cgroup/htmm/memory.hotness_statcat: /sys/fs/cgroup/htmm/memory.hotness_stat: No such file or directory
: No such file or directory
cat: /sys/fs/cgroup/htmm/memory.hotness_statcat: /sys/fs/cgroup/htmm/memory.hotness_stat: No such file or directory
: No such file or directory
cat: /sys/fs/cgroup/htmm/memory.hotness_statcat: /sys/fs/cgroup/htmm/memory.hotness_stat: No such file or directory
: No such file or directory
cat: /sys/fs/cgroup/htmm/memory.hotness_statcat: /sys/fs/cgroup/htmm/memory.hotness_stat: No such file or directory
: No such file or directory
cat: /sys/fs/cgroup/htmm/memory.hotness_statcat: /sys/fs/cgroup/htmm/memory.hotness_stat: No such file or directory
: No such file or directory
cat: /sys/fs/cgroup/htmm/memory.hotness_statcat: /sys/fs/cgroup/htmm/memory.hotness_stat: No such file or directory
: No such file or directory
cat: /sys/fs/cgroup/htmm/memory.hotness_statcat: /sys/fs/cgroup/htmm/memory.hotness_stat: No such file or directory
: No such file or directory
cat: /sys/fs/cgroup/htmm/memory.hotness_statcat: /sys/fs/cgroup/htmm/memory.hotness_stat: No such file or directory
: No such file or directory
cat: /sys/fs/cgroup/htmm/memory.hotness_statcat: /sys/fs/cgroup/htmm/memory.hotness_stat: No such file or directory
: No such file or directory
cat: /sys/fs/cgroup/htmm/memory.hotness_statcat: /sys/fs/cgroup/htmm/memory.hotness_stat: No such file or directory
: No such file or directory
cat: /sys/fs/cgroup/htmm/memory.hotness_statcat: /sys/fs/cgroup/htmm/memory.hotness_stat: No such file or directory
: No such file or directory
cat: /sys/fs/cgroup/htmm/memory.hotness_statcat: /sys/fs/cgroup/htmm/memory.hotness_stat: No such file or directory
: No such file or directory
cat: /sys/fs/cgroup/htmm/memory.hotness_statcat: /sys/fs/cgroup/htmm/memory.hotness_stat: No such file or directory
: No such file or directory
cat: /sys/fs/cgroup/htmm/memory.hotness_statcat: /sys/fs/cgroup/htmm/memory.hotness_stat: No such file or directory
: No such file or directory
cat: /sys/fs/cgroup/htmm/memory.hotness_statcat: /sys/fs/cgroup/htmm/memory.hotness_stat: No such file or directory
: No such file or directory
cat: /sys/fs/cgroup/htmm/memory.hotness_statcat: /sys/fs/cgroup/htmm/memory.hotness_stat: No such file or directory
: No such file or directory
cat: /sys/fs/cgroup/htmm/memory.hotness_statcat: /sys/fs/cgroup/htmm/memory.hotness_stat: No such file or directory
: No such file or directory
cat: /sys/fs/cgroup/htmm/memory.hotness_statcat: /sys/fs/cgroup/htmm/memory.hotness_stat: No such file or directory
: No such file or directory
cat: /sys/fs/cgroup/htmm/memory.hotness_statcat: /sys/fs/cgroup/htmm/memory.hotness_stat: No such file or directory
: No such file or directory
cat: /sys/fs/cgroup/htmm/memory.hotness_statcat: /sys/fs/cgroup/htmm/memory.hotness_stat: No such file or directory
: No such file or directory
cat: /sys/fs/cgroup/htmm/memory.hotness_statcat: /sys/fs/cgroup/htmm/memory.hotness_stat: No such file or directory
: No such file or directory
cat: /sys/fs/cgroup/htmm/memory.hotness_statcat: /sys/fs/cgroup/htmm/memory.hotness_stat: No such file or directory
: No such file or directory
cat: /sys/fs/cgroup/htmm/memory.hotness_statcat: /sys/fs/cgroup/htmm/memory.hotness_stat: No such file or directory
: No such file or directory
cat: /sys/fs/cgroup/htmm/memory.hotness_statcat: /sys/fs/cgroup/htmm/memory.hotness_stat: No such file or directory
: No such file or directory
cat: /sys/fs/cgroup/htmm/memory.hotness_statcat: /sys/fs/cgroup/htmm/memory.hotness_stat: No such file or directory
: No such file or directory
cat: /sys/fs/cgroup/htmm/memory.hotness_statcat: /sys/fs/cgroup/htmm/memory.hotness_stat: No such file or directory
: No such file or directory
cat: /sys/fs/cgroup/htmm/memory.hotness_statcat: /sys/fs/cgroup/htmm/memory.hotness_stat: No such file or directory
: No such file or directory
cat: /sys/fs/cgroup/htmm/memory.hotness_statcat: /sys/fs/cgroup/htmm/memory.hotness_stat: No such file or directory
: No such file or directory
cat: /sys/fs/cgroup/htmm/memory.hotness_statcat: /sys/fs/cgroup/htmm/memory.hotness_stat: No such file or directory
: No such file or directory
cat: /sys/fs/cgroup/htmm/memory.hotness_statcat: /sys/fs/cgroup/htmm/memory.hotness_stat: No such file or directory
: No such file or directory
cat: /sys/fs/cgroup/htmm/memory.hotness_statcat: /sys/fs/cgroup/htmm/memory.hotness_stat: No such file or directory
: No such file or directory
cat: /sys/fs/cgroup/htmm/memory.hotness_statcat: /sys/fs/cgroup/htmm/memory.hotness_stat: No such file or directory
: No such file or directory
cat: /sys/fs/cgroup/htmm/memory.hotness_statcat: /sys/fs/cgroup/htmm/memory.hotness_stat: No such file or directory
: No such file or directory
cat: /sys/fs/cgroup/htmm/memory.hotness_statcat: /sys/fs/cgroup/htmm/memory.hotness_stat: No such file or directory
: No such file or directory
cat: /sys/fs/cgroup/htmm/memory.hotness_statcat: /sys/fs/cgroup/htmm/memory.hotness_stat: No such file or directory
: No such file or directory
cat: /sys/fs/cgroup/htmm/memory.hotness_statcat: /sys/fs/cgroup/htmm/memory.hotness_stat: No such file or directory
: No such file or directory
cat: /sys/fs/cgroup/htmm/memory.hotness_statcat: /sys/fs/cgroup/htmm/memory.hotness_stat: No such file or directory
: No such file or directory
cat: /sys/fs/cgroup/htmm/memory.hotness_statcat: /sys/fs/cgroup/htmm/memory.hotness_stat: No such file or directory
: No such file or directory
cat: /sys/fs/cgroup/htmm/memory.hotness_statcat: /sys/fs/cgroup/htmm/memory.hotness_stat: No such file or directory
: No such file or directory
cat: /sys/fs/cgroup/htmm/memory.hotness_statcat: /sys/fs/cgroup/htmm/memory.hotness_stat: No such file or directory
: No such file or directory
cat: /sys/fs/cgroup/htmm/memory.hotness_statcat: /sys/fs/cgroup/htmm/memory.hotness_stat: No such file or directory
: No such file or directory
cat: /sys/fs/cgroup/htmm/memory.hotness_statcat: /sys/fs/cgroup/htmm/memory.hotness_stat: No such file or directory
: No such file or directory
cat: /sys/fs/cgroup/htmm/memory.hotness_statcat: /sys/fs/cgroup/htmm/memory.hotness_stat: No such file or directory
: No such file or directory
cat: /sys/fs/cgroup/htmm/memory.hotness_statcat: /sys/fs/cgroup/htmm/memory.hotness_stat: No such file or directory
: No such file or directory
cat: /sys/fs/cgroup/htmm/memory.hotness_statcat: /sys/fs/cgroup/htmm/memory.hotness_stat: No such file or directory
: No such file or directory
cat: /sys/fs/cgroup/htmm/memory.hotness_statcat: /sys/fs/cgroup/htmm/memory.hotness_stat: No such file or directory
: No such file or directory
cat: /sys/fs/cgroup/htmm/memory.hotness_statcat: /sys/fs/cgroup/htmm/memory.hotness_stat: No such file or directory
: No such file or directory
cat: /sys/fs/cgroup/htmm/memory.hotness_statcat: /sys/fs/cgroup/htmm/memory.hotness_stat: No such file or directory
: No such file or directory
cat: /sys/fs/cgroup/htmm/memory.hotness_statcat: /sys/fs/cgroup/htmm/memory.hotness_stat: No such file or directory
: No such file or directory
cat: /sys/fs/cgroup/htmm/memory.hotness_statcat: /sys/fs/cgroup/htmm/memory.hotness_stat: No such file or directory
: No such file or directory
cat: /sys/fs/cgroup/htmm/memory.hotness_statcat: /sys/fs/cgroup/htmm/memory.hotness_stat: No such file or directory
: No such file or directory
cat: /sys/fs/cgroup/htmm/memory.hotness_statcat: /sys/fs/cgroup/htmm/memory.hotness_stat: No such file or directory
: No such file or directory
cat: /sys/fs/cgroup/htmm/memory.hotness_statcat: /sys/fs/cgroup/htmm/memory.hotness_stat: No such file or directory
: No such file or directory
cat: /sys/fs/cgroup/htmm/memory.hotness_statcat: /sys/fs/cgroup/htmm/memory.hotness_stat: No such file or directory
: No such file or directory
cat: /sys/fs/cgroup/htmm/memory.hotness_statcat: /sys/fs/cgroup/htmm/memory.hotness_stat: No such file or directory
: No such file or directory
cat: /sys/fs/cgroup/htmm/memory.hotness_statcat: /sys/fs/cgroup/htmm/memory.hotness_stat: No such file or directory
: No such file or directory
cat: /sys/fs/cgroup/htmm/memory.hotness_statcat: /sys/fs/cgroup/htmm/memory.hotness_stat: No such file or directory
: No such file or directory
cat: /sys/fs/cgroup/htmm/memory.hotness_statcat: /sys/fs/cgroup/htmm/memory.hotness_stat: No such file or directory
: No such file or directory
cat: /sys/fs/cgroup/htmm/memory.hotness_statcat: /sys/fs/cgroup/htmm/memory.hotness_stat: No such file or directory
: No such file or directory
cat: /sys/fs/cgroup/htmm/memory.hotness_statcat: /sys/fs/cgroup/htmm/memory.hotness_stat: No such file or directory
: No such file or directory
cat: /sys/fs/cgroup/htmm/memory.hotness_statcat: /sys/fs/cgroup/htmm/memory.hotness_stat: No such file or directory
: No such file or directory
cat: /sys/fs/cgroup/htmm/memory.hotness_statcat: /sys/fs/cgroup/htmm/memory.hotness_stat: No such file or directory
: No such file or directory
cat: /sys/fs/cgroup/htmm/memory.hotness_statcat: /sys/fs/cgroup/htmm/memory.hotness_stat: No such file or directory
: No such file or directory
cat: /sys/fs/cgroup/htmm/memory.hotness_statcat: /sys/fs/cgroup/htmm/memory.hotness_stat: No such file or directory
: No such file or directory
cat: /sys/fs/cgroup/htmm/memory.hotness_statcat: /sys/fs/cgroup/htmm/memory.hotness_stat: No such file or directory
: No such file or directory
cat: /sys/fs/cgroup/htmm/memory.hotness_statcat: /sys/fs/cgroup/htmm/memory.hotness_stat: No such file or directory
: No such file or directory
cat: /sys/fs/cgroup/htmm/memory.hotness_statcat: /sys/fs/cgroup/htmm/memory.hotness_stat: No such file or directory
: No such file or directory
cat: /sys/fs/cgroup/htmm/memory.hotness_statcat: /sys/fs/cgroup/htmm/memory.hotness_stat: No such file or directory
: No such file or directory
cat: /sys/fs/cgroup/htmm/memory.hotness_statcat: /sys/fs/cgroup/htmm/memory.hotness_stat: No such file or directory
: No such file or directory
cat: /sys/fs/cgroup/htmm/memory.hotness_statcat: /sys/fs/cgroup/htmm/memory.hotness_stat: No such file or directory
: No such file or directory
cat: /sys/fs/cgroup/htmm/memory.hotness_statcat: /sys/fs/cgroup/htmm/memory.hotness_stat: No such file or directory
: No such file or directory
cat: /sys/fs/cgroup/htmm/memory.hotness_statcat: /sys/fs/cgroup/htmm/memory.hotness_stat: No such file or directory
: No such file or directory
cat: /sys/fs/cgroup/htmm/memory.hotness_statcat: /sys/fs/cgroup/htmm/memory.hotness_stat: No such file or directory
: No such file or directory
cat: /sys/fs/cgroup/htmm/memory.hotness_statcat: /sys/fs/cgroup/htmm/memory.hotness_stat: No such file or directory
: No such file or directory
cat: /sys/fs/cgroup/htmm/memory.hotness_statcat: /sys/fs/cgroup/htmm/memory.hotness_stat: No such file or directory
: No such file or directory
cat: /sys/fs/cgroup/htmm/memory.hotness_statcat: /sys/fs/cgroup/htmm/memory.hotness_stat: No such file or directory
: No such file or directory
cat: /sys/fs/cgroup/htmm/memory.hotness_statcat: /sys/fs/cgroup/htmm/memory.hotness_stat: No such file or directory
: No such file or directory
cat: /sys/fs/cgroup/htmm/memory.hotness_statcat: /sys/fs/cgroup/htmm/memory.hotness_stat: No such file or directory
: No such file or directory
cat: /sys/fs/cgroup/htmm/memory.hotness_statcat: /sys/fs/cgroup/htmm/memory.hotness_stat: No such file or directory
: No such file or directory
cat: /sys/fs/cgroup/htmm/memory.hotness_statcat: /sys/fs/cgroup/htmm/memory.hotness_stat: No such file or directory
: No such file or directory
cat: /sys/fs/cgroup/htmm/memory.hotness_statcat: /sys/fs/cgroup/htmm/memory.hotness_stat: No such file or directory
: No such file or directory
cat: /sys/fs/cgroup/htmm/memory.hotness_statcat: /sys/fs/cgroup/htmm/memory.hotness_stat: No such file or directory
: No such file or directory
cat: /sys/fs/cgroup/htmm/memory.hotness_statcat: /sys/fs/cgroup/htmm/memory.hotness_stat: No such file or directory
: No such file or directory
cat: /sys/fs/cgroup/htmm/memory.hotness_statcat: /sys/fs/cgroup/htmm/memory.hotness_stat: No such file or directory
: No such file or directory
cat: /sys/fs/cgroup/htmm/memory.hotness_statcat: /sys/fs/cgroup/htmm/memory.hotness_stat: No such file or directory
: No such file or directory
cat: /sys/fs/cgroup/htmm/memory.hotness_statcat: /sys/fs/cgroup/htmm/memory.hotness_stat: No such file or directory
: No such file or directory
cat: /sys/fs/cgroup/htmm/memory.hotness_statcat: /sys/fs/cgroup/htmm/memory.hotness_stat: No such file or directory
: No such file or directory
cat: /sys/fs/cgroup/htmm/memory.hotness_statcat: /sys/fs/cgroup/htmm/memory.hotness_stat: No such file or directory
: No such file or directory
cat: /sys/fs/cgroup/htmm/memory.hotness_statcat: /sys/fs/cgroup/htmm/memory.hotness_stat: No such file or directory
: No such file or directory
cat: /sys/fs/cgroup/htmm/memory.hotness_statcat: /sys/fs/cgroup/htmm/memory.hotness_stat: No such file or directory
: No such file or directory
cat: /sys/fs/cgroup/htmm/memory.hotness_statcat: /sys/fs/cgroup/htmm/memory.hotness_stat: No such file or directory
: No such file or directory
cat: /sys/fs/cgroup/htmm/memory.hotness_statcat: /sys/fs/cgroup/htmm/memory.hotness_stat: No such file or directory
: No such file or directory
cat: /sys/fs/cgroup/htmm/memory.hotness_statcat: /sys/fs/cgroup/htmm/memory.hotness_stat: No such file or directory
: No such file or directory
cat: /sys/fs/cgroup/htmm/memory.hotness_statcat: /sys/fs/cgroup/htmm/memory.hotness_stat: No such file or directory
: No such file or directory
cat: /sys/fs/cgroup/htmm/memory.hotness_statcat: /sys/fs/cgroup/htmm/memory.hotness_stat: No such file or directory
: No such file or directory
cat: /sys/fs/cgroup/htmm/memory.hotness_statcat: /sys/fs/cgroup/htmm/memory.hotness_stat: No such file or directory
: No such file or directory
cat: /sys/fs/cgroup/htmm/memory.hotness_statcat: /sys/fs/cgroup/htmm/memory.hotness_stat: No such file or directory
: No such file or directory
cat: /sys/fs/cgroup/htmm/memory.hotness_statcat: /sys/fs/cgroup/htmm/memory.hotness_stat: No such file or directory
: No such file or directory
cat: /sys/fs/cgroup/htmm/memory.hotness_statcat: /sys/fs/cgroup/htmm/memory.hotness_stat: No such file or directory
: No such file or directory
cat: /sys/fs/cgroup/htmm/memory.hotness_statcat: /sys/fs/cgroup/htmm/memory.hotness_stat: No such file or directory
: No such file or directory
cat: /sys/fs/cgroup/htmm/memory.hotness_statcat: /sys/fs/cgroup/htmm/memory.hotness_stat: No such file or directory
: No such file or directory
cat: /sys/fs/cgroup/htmm/memory.hotness_statcat: /sys/fs/cgroup/htmm/memory.hotness_stat: No such file or directory
: No such file or directory
cat: /sys/fs/cgroup/htmm/memory.hotness_statcat: /sys/fs/cgroup/htmm/memory.hotness_stat: No such file or directory
: No such file or directory
cat: /sys/fs/cgroup/htmm/memory.hotness_statcat: /sys/fs/cgroup/htmm/memory.hotness_stat: No such file or directory
: No such file or directory
cat: /sys/fs/cgroup/htmm/memory.hotness_statcat: /sys/fs/cgroup/htmm/memory.hotness_stat: No such file or directory
: No such file or directory
cat: /sys/fs/cgroup/htmm/memory.hotness_statcat: /sys/fs/cgroup/htmm/memory.hotness_stat: No such file or directory
: No such file or directory
cat: /sys/fs/cgroup/htmm/memory.hotness_statcat: /sys/fs/cgroup/htmm/memory.hotness_stat: No such file or directory
: No such file or directory
cat: /sys/fs/cgroup/htmm/memory.hotness_statcat: /sys/fs/cgroup/htmm/memory.hotness_stat: No such file or directory
: No such file or directory
cat: /sys/fs/cgroup/htmm/memory.hotness_statcat: /sys/fs/cgroup/htmm/memory.hotness_stat: No such file or directory
: No such file or directory
cat: /sys/fs/cgroup/htmm/memory.hotness_statcat: /sys/fs/cgroup/htmm/memory.hotness_stat: No such file or directory
: No such file or directory
cat: /sys/fs/cgroup/htmm/memory.hotness_statcat: /sys/fs/cgroup/htmm/memory.hotness_stat: No such file or directory
: No such file or directory
cat: /sys/fs/cgroup/htmm/memory.hotness_statcat: /sys/fs/cgroup/htmm/memory.hotness_stat: No such file or directory
: No such file or directory
cat: /sys/fs/cgroup/htmm/memory.hotness_statcat: /sys/fs/cgroup/htmm/memory.hotness_stat: No such file or directory
: No such file or directory
cat: /sys/fs/cgroup/htmm/memory.hotness_statcat: /sys/fs/cgroup/htmm/memory.hotness_stat: No such file or directory
: No such file or directory
cat: /sys/fs/cgroup/htmm/memory.hotness_statcat: /sys/fs/cgroup/htmm/memory.hotness_stat: No such file or directory
: No such file or directory
cat: /sys/fs/cgroup/htmm/memory.hotness_statcat: /sys/fs/cgroup/htmm/memory.hotness_stat: No such file or directory
: No such file or directory
cat: /sys/fs/cgroup/htmm/memory.hotness_statcat: /sys/fs/cgroup/htmm/memory.hotness_stat: No such file or directory
: No such file or directory
cat: /sys/fs/cgroup/htmm/memory.hotness_statcat: /sys/fs/cgroup/htmm/memory.hotness_stat: No such file or directory
: No such file or directory
cat: /sys/fs/cgroup/htmm/memory.hotness_statcat: /sys/fs/cgroup/htmm/memory.hotness_stat: No such file or directory
: No such file or directory
cat: /sys/fs/cgroup/htmm/memory.hotness_statcat: /sys/fs/cgroup/htmm/memory.hotness_stat: No such file or directory
: No such file or directory
cat: /sys/fs/cgroup/htmm/memory.hotness_statcat: /sys/fs/cgroup/htmm/memory.hotness_stat: No such file or directory
: No such file or directory
cat: /sys/fs/cgroup/htmm/memory.hotness_statcat: /sys/fs/cgroup/htmm/memory.hotness_stat: No such file or directory
: No such file or directory
cat: /sys/fs/cgroup/htmm/memory.hotness_statcat: /sys/fs/cgroup/htmm/memory.hotness_stat: No such file or directory
: No such file or directory
cat: /sys/fs/cgroup/htmm/memory.hotness_statcat: /sys/fs/cgroup/htmm/memory.hotness_stat: No such file or directory
: No such file or directory
cat: /sys/fs/cgroup/htmm/memory.hotness_statcat: /sys/fs/cgroup/htmm/memory.hotness_stat: No such file or directory
: No such file or directory
cat: /sys/fs/cgroup/htmm/memory.hotness_statcat: /sys/fs/cgroup/htmm/memory.hotness_stat: No such file or directory
: No such file or directory
cat: /sys/fs/cgroup/htmm/memory.hotness_statcat: /sys/fs/cgroup/htmm/memory.hotness_stat: No such file or directory
: No such file or directory
cat: /sys/fs/cgroup/htmm/memory.hotness_statcat: /sys/fs/cgroup/htmm/memory.hotness_stat: No such file or directory
: No such file or directory
cat: /sys/fs/cgroup/htmm/memory.hotness_statcat: /sys/fs/cgroup/htmm/memory.hotness_stat: No such file or directory
: No such file or directory
cat: /sys/fs/cgroup/htmm/memory.hotness_statcat: /sys/fs/cgroup/htmm/memory.hotness_stat: No such file or directory
: No such file or directory
cat: /sys/fs/cgroup/htmm/memory.hotness_statcat: /sys/fs/cgroup/htmm/memory.hotness_stat: No such file or directory
: No such file or directory
cat: /sys/fs/cgroup/htmm/memory.hotness_statcat: /sys/fs/cgroup/htmm/memory.hotness_stat: No such file or directory
: No such file or directory
cat: /sys/fs/cgroup/htmm/memory.hotness_statcat: /sys/fs/cgroup/htmm/memory.hotness_stat: No such file or directory
: No such file or directory
cat: /sys/fs/cgroup/htmm/memory.hotness_statcat: /sys/fs/cgroup/htmm/memory.hotness_stat: No such file or directory
: No such file or directory
cat: /sys/fs/cgroup/htmm/memory.hotness_statcat: /sys/fs/cgroup/htmm/memory.hotness_stat: No such file or directory
: No such file or directory
cat: /sys/fs/cgroup/htmm/memory.hotness_statcat: /sys/fs/cgroup/htmm/memory.hotness_stat: No such file or directory
: No such file or directory
cat: /sys/fs/cgroup/htmm/memory.hotness_statcat: /sys/fs/cgroup/htmm/memory.hotness_stat: No such file or directory
: No such file or directory
cat: /sys/fs/cgroup/htmm/memory.hotness_statcat: /sys/fs/cgroup/htmm/memory.hotness_stat: No such file or directory
: No such file or directory
cat: /sys/fs/cgroup/htmm/memory.hotness_statcat: /sys/fs/cgroup/htmm/memory.hotness_stat: No such file or directory
: No such file or directory
cat: /sys/fs/cgroup/htmm/memory.hotness_statcat: /sys/fs/cgroup/htmm/memory.hotness_stat: No such file or directory
: No such file or directory
cat: /sys/fs/cgroup/htmm/memory.hotness_statcat: /sys/fs/cgroup/htmm/memory.hotness_stat: No such file or directory
: No such file or directory
cat: /sys/fs/cgroup/htmm/memory.hotness_statcat: /sys/fs/cgroup/htmm/memory.hotness_stat: No such file or directory
: No such file or directory
cat: /sys/fs/cgroup/htmm/memory.hotness_statcat: /sys/fs/cgroup/htmm/memory.hotness_stat: No such file or directory
: No such file or directory
cat: /sys/fs/cgroup/htmm/memory.hotness_statcat: /sys/fs/cgroup/htmm/memory.hotness_stat: No such file or directory
: No such file or directory
Trial Time:          1.65441
Trial Time:          1.43221
Trial Time:          1.42229
Trial Time:          1.42194
Trial Time:          1.41976
Trial Time:          1.42197
Trial Time:          1.42269
Trial Time:          1.41928
Trial Time:          1.42126
Trial Time:          1.42019
Trial Time:          1.44074
Trial Time:          1.47053
Trial Time:          1.45380
Trial Time:          1.44991
Trial Time:          1.44821
Trial Time:          1.44503
Trial Time:          1.43689
Trial Time:          1.43332
Trial Time:          1.42943
Trial Time:          1.42898
Trial Time:          1.42675
Trial Time:          1.42738
Trial Time:          1.42526
Trial Time:          1.42262
Trial Time:          1.43097
Trial Time:          1.42493
Trial Time:          1.42032
Trial Time:          1.42866
Trial Time:          1.42861
Trial Time:          1.41762
Trial Time:          1.41975
Trial Time:          1.42225
Trial Time:          1.42128
Trial Time:          1.42378
Trial Time:          1.42390
Trial Time:          1.42315
Trial Time:          1.42261
Trial Time:          1.41963
Trial Time:          1.42293
Trial Time:          1.42102
Trial Time:          1.42501
Trial Time:          1.42306
Trial Time:          1.42307
Trial Time:          1.42567
Trial Time:          1.42252
Trial Time:          1.42181
Trial Time:          1.42116
Trial Time:          1.42073
Trial Time:          1.42225
Trial Time:          1.42145
Trial Time:          1.42270
Trial Time:          1.42085
Trial Time:          1.42232
Trial Time:          1.41962
Trial Time:          1.41888
Trial Time:          1.42044
Trial Time:          1.42273
Trial Time:          1.42303
Trial Time:          1.42463
Trial Time:          1.42346
Trial Time:          1.42360
Trial Time:          1.42297
Trial Time:          1.42053
Trial Time:          1.42128
Trial Time:          1.42106
Trial Time:          1.42445
Trial Time:          1.42369
Trial Time:          1.42373
Trial Time:          1.42455
Trial Time:          1.42095
Trial Time:          1.42281
Trial Time:          1.42223
Trial Time:          1.42454
Trial Time:          1.42510
Trial Time:          1.42501
Trial Time:          1.42178
Trial Time:          1.42301
Trial Time:          1.42071
Trial Time:          1.42094
Trial Time:          1.42286
Trial Time:          1.42067
Trial Time:          1.43354
Trial Time:          1.43599
Trial Time:          1.42659
Trial Time:          1.42303
Trial Time:          1.42124
Trial Time:          1.42335
Trial Time:          1.42114
Trial Time:          1.42461
Trial Time:          1.42510
Trial Time:          1.43094
Trial Time:          1.42391
Trial Time:          1.42249
Trial Time:          1.42200
Trial Time:          1.42143
Trial Time:          1.42254
Trial Time:          1.42605
Trial Time:          1.42472
Trial Time:          1.42857
Trial Time:          1.42451
Trial Time:          1.42459
Trial Time:          1.42269
Trial Time:          1.42105
Trial Time:          1.42136
Trial Time:          1.42492
Trial Time:          1.42597
Trial Time:          1.42974
Trial Time:          1.42452
Trial Time:          1.42749
Trial Time:          1.42547
Trial Time:          1.42478
Trial Time:          1.42321
Trial Time:          1.42734
Trial Time:          1.42417
Trial Time:          1.42606
Trial Time:          1.42651
Trial Time:          1.43117
Trial Time:          1.42336
Trial Time:          1.42168
Trial Time:          1.42627
Trial Time:          1.42805
Trial Time:          1.42414
Trial Time:          1.42532
Trial Time:          1.42542
Trial Time:          1.42559
Trial Time:          1.42636
Trial Time:          1.42678
Trial Time:          1.42393
Trial Time:          1.42900
Trial Time:          1.42356
Trial Time:          1.42893
Trial Time:          1.42872
Trial Time:          1.42541
Trial Time:          1.42709
Trial Time:          1.42258
Trial Time:          1.42421
Trial Time:          1.43021
Trial Time:          1.42453
Trial Time:          1.43304
Trial Time:          1.42611
Trial Time:          1.42651
Trial TTrial Time:          1.65441
Trial Time:          1.43221
Trial Time:          1.42229
Trial Time:          1.42194
Trial Time:          1.41976
Trial Time:          1.42197
Trial Time:          1.42269
Trial Time:          1.41928
Trial Time:          1.42126
Trial Time:          1.42019
Trial Time:          1.44074
Trial Time:          1.47053
Trial Time:          1.45380
Trial Time:          1.44991
Trial Time:          1.44821
Trial Time:          1.44503
Trial Time:          1.43689
Trial Time:          1.43332
Trial Time:          1.42943
Trial Time:          1.42898
Trial Time:          1.42675
Trial Time:          1.42738
Trial Time:          1.42526
Trial Time:          1.42262
Trial Time:          1.43097
Trial Time:          1.42493
Trial Time:          1.42032
Trial Time:          1.42866
Trial Time:          1.42861
Trial Time:          1.41762
Trial Time:          1.41975
Trial Time:          1.42225
Trial Time:          1.42128
Trial Time:          1.42378
Trial Time:          1.42390
Trial Time:          1.42315
Trial Time:          1.42261
Trial Time:          1.41963
Trial Time:          1.42293
Trial Time:          1.42102
Trial Time:          1.42501
Trial Time:          1.42306
Trial Time:          1.42307
Trial Time:          1.42567
Trial Time:          1.42252
Trial Time:          1.42181
Trial Time:          1.42116
Trial Time:          1.42073
Trial Time:          1.42225
Trial Time:          1.42145
Trial Time:          1.42270
Trial Time:          1.42085
Trial Time:          1.42232
Trial Time:          1.41962
Trial Time:          1.41888
Trial Time:          1.42044
Trial Time:          1.42273
Trial Time:          1.42303
Trial Time:          1.42463
Trial Time:          1.42346
Trial Time:          1.42360
Trial Time:          1.42297
Trial Time:          1.42053
Trial Time:          1.42128
Trial Time:          1.42106
Trial Time:          1.42445
Trial Time:          1.42369
Trial Time:          1.42373
Trial Time:          1.42455
Trial Time:          1.42095
Trial Time:          1.42281
Trial Time:          1.42223
Trial Time:          1.42454
Trial Time:          1.42510
Trial Time:          1.42501
Trial Time:          1.42178
Trial Time:          1.42301
Trial Time:          1.42071
Trial Time:          1.42094
Trial Time:          1.42286
Trial Time:          1.42067
Trial Time:          1.43354
Trial Time:          1.43599
Trial Time:          1.42659
Trial Time:          1.42303
Trial Time:          1.42124
Trial Time:          1.42335
Trial Time:          1.42114
Trial Time:          1.42461
Trial Time:          1.42510
Trial Time:          1.43094
Trial Time:          1.42391
Trial Time:          1.42249
Trial Time:          1.42200
Trial Time:          1.42143
Trial Time:          1.42254
Trial Time:          1.42605
Trial Time:          1.42472
Trial Time:          1.42857
Trial Time:          1.42451
Trial Time:          1.42459
Trial Time:          1.42269
Trial Time:          1.42105
Trial Time:          1.42136
Trial Time:          1.42492
Trial Time:          1.42597
Trial Time:          1.42974
Trial Time:          1.42452
Trial Time:          1.42749
Trial Time:          1.42547
Trial Time:          1.42478
Trial Time:          1.42321
Trial Time:          1.42734
Trial Time:          1.42417
Trial Time:          1.42606
Trial Time:          1.42651
Trial Time:          1.43117
Trial Time:          1.42336
Trial Time:          1.42168
Trial Time:          1.42627
Trial Time:          1.42805
Trial Time:          1.42414
Trial Time:          1.42532
Trial Time:          1.42542
Trial Time:          1.42559
Trial Time:          1.42636
Trial Time:          1.42678
Trial Time:          1.42393
Trial Time:          1.42900
Trial Time:          1.42356
Trial Time:          1.42893
Trial Time:          1.42872
Trial Time:          1.42541
Trial Time:          1.42709
Trial Time:          1.42258
Trial Time:          1.42421
Trial Time:          1.43021
Trial Time:          1.42453
Trial Time:          1.43304
Trial Time:          1.42611
Trial Time:          1.42651
Trial Tcat: /sys/fs/cgroup/htmm/memory.hotness_statcat: /sys/fs/cgroup/htmm/memory.hotness_stat: No such file or directory
: No such file or directory
cat: /sys/fs/cgroup/htmm/memory.hotness_statcat: /sys/fs/cgroup/htmm/memory.hotness_stat: No such file or directory
: No such file or directory
cat: /sys/fs/cgroup/htmm/memory.hotness_statcat: /sys/fs/cgroup/htmm/memory.hotness_stat: No such file or directory
: No such file or directory
cat: /sys/fs/cgroup/htmm/memory.hotness_statcat: /sys/fs/cgroup/htmm/memory.hotness_stat: No such file or directory
: No such file or directory
cat: /sys/fs/cgroup/htmm/memory.hotness_statcat: /sys/fs/cgroup/htmm/memory.hotness_stat: No such file or directory
: No such file or directory
cat: /sys/fs/cgroup/htmm/memory.hotness_statcat: /sys/fs/cgroup/htmm/memory.hotness_stat: No such file or directory
: No such file or directory
cat: /sys/fs/cgroup/htmm/memory.hotness_statcat: /sys/fs/cgroup/htmm/memory.hotness_stat: No such file or directory
: No such file or directory
cat: /sys/fs/cgroup/htmm/memory.hotness_statcat: /sys/fs/cgroup/htmm/memory.hotness_stat: No such file or directory
: No such file or directory
cat: /sys/fs/cgroup/htmm/memory.hotness_statcat: /sys/fs/cgroup/htmm/memory.hotness_stat: No such file or directory
: No such file or directory
cat: /sys/fs/cgroup/htmm/memory.hotness_statcat: /sys/fs/cgroup/htmm/memory.hotness_stat: No such file or directory
: No such file or directory
cat: /sys/fs/cgroup/htmm/memory.hotness_statcat: /sys/fs/cgroup/htmm/memory.hotness_stat: No such file or directory
: No such file or directory
cat: /sys/fs/cgroup/htmm/memory.hotness_statcat: /sys/fs/cgroup/htmm/memory.hotness_stat: No such file or directory
: No such file or directory
cat: /sys/fs/cgroup/htmm/memory.hotness_statcat: /sys/fs/cgroup/htmm/memory.hotness_stat: No such file or directory
: No such file or directory
cat: /sys/fs/cgroup/htmm/memory.hotness_statcat: /sys/fs/cgroup/htmm/memory.hotness_stat: No such file or directory
: No such file or directory
cat: /sys/fs/cgroup/htmm/memory.hotness_statcat: /sys/fs/cgroup/htmm/memory.hotness_stat: No such file or directory
: No such file or directory
cat: /sys/fs/cgroup/htmm/memory.hotness_statcat: /sys/fs/cgroup/htmm/memory.hotness_stat: No such file or directory
: No such file or directory
cat: /sys/fs/cgroup/htmm/memory.hotness_statcat: /sys/fs/cgroup/htmm/memory.hotness_stat: No such file or directory
: No such file or directory
cat: /sys/fs/cgroup/htmm/memory.hotness_statcat: /sys/fs/cgroup/htmm/memory.hotness_stat: No such file or directory
: No such file or directory
cat: /sys/fs/cgroup/htmm/memory.hotness_statcat: /sys/fs/cgroup/htmm/memory.hotness_stat: No such file or directory
: No such file or directory
cat: /sys/fs/cgroup/htmm/memory.hotness_statcat: /sys/fs/cgroup/htmm/memory.hotness_stat: No such file or directory
: No such file or directory
cat: /sys/fs/cgroup/htmm/memory.hotness_statcat: /sys/fs/cgroup/htmm/memory.hotness_stat: No such file or directory
: No such file or directory
cat: /sys/fs/cgroup/htmm/memory.hotness_statcat: /sys/fs/cgroup/htmm/memory.hotness_stat: No such file or directory
: No such file or directory
cat: /sys/fs/cgroup/htmm/memory.hotness_statcat: /sys/fs/cgroup/htmm/memory.hotness_stat: No such file or directory
: No such file or directory
cat: /sys/fs/cgroup/htmm/memory.hotness_statcat: /sys/fs/cgroup/htmm/memory.hotness_stat: No such file or directory
: No such file or directory
cat: /sys/fs/cgroup/htmm/memory.hotness_statcat: /sys/fs/cgroup/htmm/memory.hotness_stat: No such file or directory
: No such file or directory
cat: /sys/fs/cgroup/htmm/memory.hotness_statcat: /sys/fs/cgroup/htmm/memory.hotness_stat: No such file or directory
: No such file or directory
cat: /sys/fs/cgroup/htmm/memory.hotness_statcat: /sys/fs/cgroup/htmm/memory.hotness_stat: No such file or directory
: No such file or directory
cat: /sys/fs/cgroup/htmm/memory.hotness_statcat: /sys/fs/cgroup/htmm/memory.hotness_stat: No such file or directory
: No such file or directory
cat: /sys/fs/cgroup/htmm/memory.hotness_statcat: /sys/fs/cgroup/htmm/memory.hotness_stat: No such file or directory
: No such file or directory
cat: /sys/fs/cgroup/htmm/memory.hotness_statcat: /sys/fs/cgroup/htmm/memory.hotness_stat: No such file or directory
: No such file or directory
cat: /sys/fs/cgroup/htmm/memory.hotness_statcat: /sys/fs/cgroup/htmm/memory.hotness_stat: No such file or directory
: No such file or directory
cat: /sys/fs/cgroup/htmm/memory.hotness_statcat: /sys/fs/cgroup/htmm/memory.hotness_stat: No such file or directory
: No such file or directory
cat: /sys/fs/cgroup/htmm/memory.hotness_statcat: /sys/fs/cgroup/htmm/memory.hotness_stat: No such file or directory
: No such file or directory
cat: /sys/fs/cgroup/htmm/memory.hotness_statcat: /sys/fs/cgroup/htmm/memory.hotness_stat: No such file or directory
: No such file or directory
cat: /sys/fs/cgroup/htmm/memory.hotness_statcat: /sys/fs/cgroup/htmm/memory.hotness_stat: No such file or directory
: No such file or directory
cat: /sys/fs/cgroup/htmm/memory.hotness_statcat: /sys/fs/cgroup/htmm/memory.hotness_stat: No such file or directory
: No such file or directory
cat: /sys/fs/cgroup/htmm/memory.hotness_statcat: /sys/fs/cgroup/htmm/memory.hotness_stat: No such file or directory
: No such file or directory
cat: /sys/fs/cgroup/htmm/memory.hotness_statcat: /sys/fs/cgroup/htmm/memory.hotness_stat: No such file or directory
: No such file or directory
cat: /sys/fs/cgroup/htmm/memory.hotness_statcat: /sys/fs/cgroup/htmm/memory.hotness_stat: No such file or directory
: No such file or directory
cat: /sys/fs/cgroup/htmm/memory.hotness_statcat: /sys/fs/cgroup/htmm/memory.hotness_stat: No such file or directory
: No such file or directory
cat: /sys/fs/cgroup/htmm/memory.hotness_statcat: /sys/fs/cgroup/htmm/memory.hotness_stat: No such file or directory
: No such file or directory
cat: /sys/fs/cgroup/htmm/memory.hotness_statcat: /sys/fs/cgroup/htmm/memory.hotness_stat: No such file or directory
: No such file or directory
cat: /sys/fs/cgroup/htmm/memory.hotness_statcat: /sys/fs/cgroup/htmm/memory.hotness_stat: No such file or directory
: No such file or directory
cat: /sys/fs/cgroup/htmm/memory.hotness_statcat: /sys/fs/cgroup/htmm/memory.hotness_stat: No such file or directory
: No such file or directory
cat: /sys/fs/cgroup/htmm/memory.hotness_statcat: /sys/fs/cgroup/htmm/memory.hotness_stat: No such file or directory
: No such file or directory
cat: /sys/fs/cgroup/htmm/memory.hotness_statcat: /sys/fs/cgroup/htmm/memory.hotness_stat: No such file or directory
: No such file or directory
cat: /sys/fs/cgroup/htmm/memory.hotness_statcat: /sys/fs/cgroup/htmm/memory.hotness_stat: No such file or directory
: No such file or directory
cat: /sys/fs/cgroup/htmm/memory.hotness_statcat: /sys/fs/cgroup/htmm/memory.hotness_stat: No such file or directory
: No such file or directory
cat: /sys/fs/cgroup/htmm/memory.hotness_statcat: /sys/fs/cgroup/htmm/memory.hotness_stat: No such file or directory
: No such file or directory
cat: /sys/fs/cgroup/htmm/memory.hotness_statcat: /sys/fs/cgroup/htmm/memory.hotness_stat: No such file or directory
: No such file or directory
cat: /sys/fs/cgroup/htmm/memory.hotness_statcat: /sys/fs/cgroup/htmm/memory.hotness_stat: No such file or directory
: No such file or directory
cat: /sys/fs/cgroup/htmm/memory.hotness_statcat: /sys/fs/cgroup/htmm/memory.hotness_stat: No such file or directory
: No such file or directory
cat: /sys/fs/cgroup/htmm/memory.hotness_statcat: /sys/fs/cgroup/htmm/memory.hotness_stat: No such file or directory
: No such file or directory
cat: /sys/fs/cgroup/htmm/memory.hotness_statcat: /sys/fs/cgroup/htmm/memory.hotness_stat: No such file or directory
: No such file or directory
cat: /sys/fs/cgroup/htmm/memory.hotness_statcat: /sys/fs/cgroup/htmm/memory.hotness_stat: No such file or directory
: No such file or directory
cat: /sys/fs/cgroup/htmm/memory.hotness_statcat: /sys/fs/cgroup/htmm/memory.hotness_stat: No such file or directory
: No such file or directory
cat: /sys/fs/cgroup/htmm/memory.hotness_statcat: /sys/fs/cgroup/htmm/memory.hotness_stat: No such file or directory
: No such file or directory
cat: /sys/fs/cgroup/htmm/memory.hotness_statcat: /sys/fs/cgroup/htmm/memory.hotness_stat: No such file or directory
: No such file or directory
cat: /sys/fs/cgroup/htmm/memory.hotness_statcat: /sys/fs/cgroup/htmm/memory.hotness_stat: No such file or directory
: No such file or directory
cat: /sys/fs/cgroup/htmm/memory.hotness_statcat: /sys/fs/cgroup/htmm/memory.hotness_stat: No such file or directory
: No such file or directory
cat: /sys/fs/cgroup/htmm/memory.hotness_statcat: /sys/fs/cgroup/htmm/memory.hotness_stat: No such file or directory
: No such file or directory
cat: /sys/fs/cgroup/htmm/memory.hotness_statcat: /sys/fs/cgroup/htmm/memory.hotness_stat: No such file or directory
: No such file or directory
cat: /sys/fs/cgroup/htmm/memory.hotness_statcat: /sys/fs/cgroup/htmm/memory.hotness_stat: No such file or directory
: No such file or directory
cat: /sys/fs/cgroup/htmm/memory.hotness_statcat: /sys/fs/cgroup/htmm/memory.hotness_stat: No such file or directory
: No such file or directory
cat: /sys/fs/cgroup/htmm/memory.hotness_statcat: /sys/fs/cgroup/htmm/memory.hotness_stat: No such file or directory
: No such file or directory
cat: /sys/fs/cgroup/htmm/memory.hotness_statcat: /sys/fs/cgroup/htmm/memory.hotness_stat: No such file or directory
: No such file or directory
cat: /sys/fs/cgroup/htmm/memory.hotness_statcat: /sys/fs/cgroup/htmm/memory.hotness_stat: No such file or directory
: No such file or directory
cat: /sys/fs/cgroup/htmm/memory.hotness_statcat: /sys/fs/cgroup/htmm/memory.hotness_stat: No such file or directory
: No such file or directory
cat: /sys/fs/cgroup/htmm/memory.hotness_statcat: /sys/fs/cgroup/htmm/memory.hotness_stat: No such file or directory
: No such file or directory
cat: /sys/fs/cgroup/htmm/memory.hotness_statcat: /sys/fs/cgroup/htmm/memory.hotness_stat: No such file or directory
: No such file or directory
cat: /sys/fs/cgroup/htmm/memory.hotness_statcat: /sys/fs/cgroup/htmm/memory.hotness_stat: No such file or directory
: No such file or directory
cat: /sys/fs/cgroup/htmm/memory.hotness_statcat: /sys/fs/cgroup/htmm/memory.hotness_stat: No such file or directory
: No such file or directory
cat: /sys/fs/cgroup/htmm/memory.hotness_statcat: /sys/fs/cgroup/htmm/memory.hotness_stat: No such file or directory
: No such file or directory
cat: /sys/fs/cgroup/htmm/memory.hotness_statcat: /sys/fs/cgroup/htmm/memory.hotness_stat: No such file or directory
: No such file or directory
cat: /sys/fs/cgroup/htmm/memory.hotness_statcat: /sys/fs/cgroup/htmm/memory.hotness_stat: No such file or directory
: No such file or directory
cat: /sys/fs/cgroup/htmm/memory.hotness_statcat: /sys/fs/cgroup/htmm/memory.hotness_stat: No such file or directory
: No such file or directory
cat: /sys/fs/cgroup/htmm/memory.hotness_statcat: /sys/fs/cgroup/htmm/memory.hotness_stat: No such file or directory
: No such file or directory
cat: /sys/fs/cgroup/htmm/memory.hotness_statcat: /sys/fs/cgroup/htmm/memory.hotness_stat: No such file or directory
: No such file or directory
cat: /sys/fs/cgroup/htmm/memory.hotness_statcat: /sys/fs/cgroup/htmm/memory.hotness_stat: No such file or directory
: No such file or directory
cat: /sys/fs/cgroup/htmm/memory.hotness_statcat: /sys/fs/cgroup/htmm/memory.hotness_stat: No such file or directory
: No such file or directory
cat: /sys/fs/cgroup/htmm/memory.hotness_statcat: /sys/fs/cgroup/htmm/memory.hotness_stat: No such file or directory
: No such file or directory
cat: /sys/fs/cgroup/htmm/memory.hotness_statcat: /sys/fs/cgroup/htmm/memory.hotness_stat: No such file or directory
: No such file or directory
ime:          1.42925
Trial Time:          1.42324
Trial Time:          1.42648
Trial Time:          1.42710
Trial Time:          1.42933
Trial Time:          1.42691
Trial Time:          1.42620
Trial Time:          1.42787
Trial Time:          1.42776
Trial Time:          1.42686
Trial Time:          1.42663
Trial Time:          1.43132
Trial Time:          1.42685
Trial Time:          1.42724
Trial Time:          1.42814
Trial Time:          1.42616
Trial Time:          1.42948
Trial Time:          1.42802
Trial Time:          1.42880
Trial Time:          1.42857
Trial Time:          1.42700
Trial Time:          1.42762
Trial Time:          1.42783
Trial Time:          1.43084
Trial Time:          1.42809
Trial Time:          1.42868
Trial Time:          1.42858
Trial Time:          1.43507
Trial Time:          1.43432
Trial Time:          1.42749
Trial Time:          1.42898
Trial Time:          1.42859
Trial Time:          1.42703
Trial Time:          1.42662
Trial Time:          1.42806
Trial Time:          1.42888
Trial Time:          1.42707
Trial Time:          1.42736
Trial Time:          1.42947
Trial Time:          1.42729
Trial Time:          1.43198
Trial Time:          1.42856
Trial Time:          1.42999
Trial Time:          1.42743
Trial Time:          1.42767
Trial Time:          1.43094
Trial Time:          1.43701
Trial Time:          1.43029
Trial Time:          1.43078
Trial Time:          1.42903
Trial Time:          1.43030
Trial Time:          1.42773
Trial Time:          1.42759
Trial Time:          1.42765
Trial Time:          1.43139
Trial Time:          1.42904
Trial Time:          1.43064
Trial Time:          1.42715
Trial Time:          1.42809
Average Time:        1.42759
ime:          1.42925
Trial Time:          1.42324
Trial Time:          1.42648
Trial Time:          1.42710
Trial Time:          1.42933
Trial Time:          1.42691
Trial Time:          1.42620
Trial Time:          1.42787
Trial Time:          1.42776
Trial Time:          1.42686
Trial Time:          1.42663
Trial Time:          1.43132
Trial Time:          1.42685
Trial Time:          1.42724
Trial Time:          1.42814
Trial Time:          1.42616
Trial Time:          1.42948
Trial Time:          1.42802
Trial Time:          1.42880
Trial Time:          1.42857
Trial Time:          1.42700
Trial Time:          1.42762
Trial Time:          1.42783
Trial Time:          1.43084
Trial Time:          1.42809
Trial Time:          1.42868
Trial Time:          1.42858
Trial Time:          1.43507
Trial Time:          1.43432
Trial Time:          1.42749
Trial Time:          1.42898
Trial Time:          1.42859
Trial Time:          1.42703
Trial Time:          1.42662
Trial Time:          1.42806
Trial Time:          1.42888
Trial Time:          1.42707
Trial Time:          1.42736
Trial Time:          1.42947
Trial Time:          1.42729
Trial Time:          1.43198
Trial Time:          1.42856
Trial Time:          1.42999
Trial Time:          1.42743
Trial Time:          1.42767
Trial Time:          1.43094
Trial Time:          1.43701
Trial Time:          1.43029
Trial Time:          1.43078
Trial Time:          1.42903
Trial Time:          1.43030
Trial Time:          1.42773
Trial Time:          1.42759
Trial Time:          1.42765
Trial Time:          1.43139
Trial Time:          1.42904
Trial Time:          1.43064
Trial Time:          1.42715
Trial Time:          1.42809
Average Time:        1.42759
pid: 2746
pid: 2746
execution time 291.83 (s)
execution time 291.83 (s)
/mnt/sas_ssd/lyh/memtis-Nomad/adaptive-userspace/scripts/run_bench.sh: line 102:  2740 Killed                  ${DIR}/scripts/memory_stat.sh ${LOG_DIR}
/mnt/sas_ssd/lyh/memtis-Nomad/adaptive-userspace/scripts/run_bench.sh: line 102:  2740 Killed                  ${DIR}/scripts/memory_stat.sh ${LOG_DIR}
+memory
+memory
+cpuset
+cpuset
2621
2621
tee: /sys/fs/cgroup/htmm/memory.htmm_enabledtee: /sys/fs/cgroup/htmm/memory.htmm_enabled: Permission denied
disabled
: Permission denied
disabled
[2026-03-26 12:14:42] [resume] Resuming from state: kexec_adaptive
[2026-03-26 12:14:42] [resume] Resuming from state: kexec_adaptive
[2026-03-26 12:14:52] optimize_compare start, state=kexec_adaptive
[2026-03-26 12:14:52] optimize_compare start, state=kexec_adaptive
[2026-03-26 12:14:52] Kernel: 5.15.19-htmm-adaptive (expect: adaptive)
[2026-03-26 12:14:52] Kernel: 5.15.19-htmm-adaptive (expect: adaptive)
[2026-03-26 12:14:52] Running start.sh
[2026-03-26 12:14:52] Running start.sh
disabled 2 namespaces
destroyed 2 namespaces
offline
{
  "dev":"namespace1.0",
  "mode":"devdax",
  "map":"dev",
  "size":3168796672,
  "uuid":"18a540e0-9feb-445e-b7f8-530ed942a427",
  "daxregion":{
    "id":1,
    "size":3168796672,
    "align":2097152,
    "devices":[
      {
        "chardev":"dax1.0",
        "size":3168796672,
        "target_node":3,
        "align":2097152,
        "mode":"devdax"
      }
    ]
  },
  "align":2097152
}
libdaxctl: daxctl_dev_enable: dax1.0: failed to enable
error reconfiguring devices: Invalid argument
reconfigured 0 devices
{
  "dev":"namespace0.0",
  "mode":"devdax",
  "map":"dev",
  "size":267409948672,
  "uuid":"848c71aa-db44-4e99-b5fc-86f69284ed0c",
  "daxregion":{
    "id":0,
    "size":267409948672,
    "align":2097152,
    "devices":[
      {
        "chardev":"dax0.0",
        "size":267409948672,
        "target_node":2,
        "align":2097152,
        "mode":"devdax"
      }
    ]
  },
  "align":2097152
}
reconfigured 1 device
{
  "chardev":"dax0.0",
  "size":"249.04 GiB (267.41 GB)",
  "target_node":2,
  "align":2097152,
  "mode":"system-ram",
  "online_memblocks":124,
  "total_memblocks":124,
  "movable":true
}
available: 3 nodes (0-2)
node 0 cpus: 0 2 4 6 8 10 12 14 16 18 20 22 24 26 28 30 32 34 36 38 40 42 44 46 48 50 52 54
node 0 size: 88064 MB
node 0 free: 81061 MB
node 1 cpus: 1 3 5 7 9 11 13 15 17 19 21 23 25 27 29 31 33 35 37 39 41 43 45 47 49 51 53 55
node 1 size: 7 MB
node 1 free: 0 MB
node 2 cpus:
node 2 size: 253952 MB
node 2 free: 253952 MB
node distances:
node   0   1   2 
  0:  10  20  17 
  1:  20  10  28 
  2:  17  28  10 
pm_size_arr[0]: 0
pm_size_arr[1]: 3
[
  {
    "dev":"region1",
    "size":"253.00 GiB (271.66 GB)",
    "align":"16.00 MiB (16.78 MB)",
    "available_size":"253.00 GiB (271.66 GB)",
    "max_available_extent":"253.00 GiB (271.66 GB)",
    "type":"pmem",
    "numa_node":1,
    "target_node":3,
    "iset_id":"0xd82dda90b1218a22",
    "persistence_domain":"memory_controller"
  },
  {
    "dev":"region0",
    "size":"253.00 GiB (271.66 GB)",
    "align":"16.00 MiB (16.78 MB)",
    "available_size":"253.00 GiB (271.66 GB)",
    "max_available_extent":"253.00 GiB (271.66 GB)",
    "type":"pmem",
    "numa_node":0,
    "target_node":2,
    "iset_id":"0xf041da90cd238a22",
    "persistence_domain":"memory_controller"
  }
]

[{'dev': 'region1', 'size': '253.00 GiB (271.66 GB)', 'align': '16.00 MiB (16.78 MB)', 'available_size': '253.00 GiB (271.66 GB)', 'max_available_extent': '253.00 GiB (271.66 GB)', 'type': 'pmem', 'numa_node': 1, 'target_node': 3, 'iset_id': '0xd82dda90b1218a22', 'persistence_domain': 'memory_controller'}, {'dev': 'region0', 'size': '253.00 GiB (271.66 GB)', 'align': '16.00 MiB (16.78 MB)', 'available_size': '253.00 GiB (271.66 GB)', 'max_available_extent': '253.00 GiB (271.66 GB)', 'type': 'pmem', 'numa_node': 0, 'target_node': 2, 'iset_id': '0xf041da90cd238a22', 'persistence_domain': 'memory_controller'}]
numa_node: 1, region_dev: region1, region_id: 1
numa_node: 0, region_dev: region0, region_id: 0
never
never
1
[2026-03-26 12:15:25] ==========================================
[2026-03-26 12:15:25] ==========================================
[2026-03-26 12:15:25] RUN: adaptive / gups-quick / 1:2
[2026-03-26 12:15:25] RUN: adaptive / gups-quick / 1:2
[2026-03-26 12:15:25] ==========================================
[2026-03-26 12:15:25] ==========================================
Preparing benchmark start...
Preparing benchmark start...
kernel.perf_event_max_sample_rate = 100000
kernel.perf_event_max_sample_rate = 100000
kernel.perf_cpu_time_max_percent = 0
kernel.perf_cpu_time_max_percent = 0
199
199
100007
100007
3
3
2
2
100000
100000
2000000
2000000
2
2
500
500
500
500
4
4
30
30
1
1
0
0
disabled
disabled
never
never
never
never
-----------------------
NVM RATIO: 1:2
202603261215
-----------------------
-----------------------
NVM RATIO: 1:2
202603261215
-----------------------
rmdir: failed to remove '/sys/fs/cgroup/htmm'rmdir: failed to remove '/sys/fs/cgroup/htmm': No such file or directory: No such file or directory

+memory
+memory
+cpuset
+cpuset
3559
3559
enabled
enabled
15728640000
15728640000
[HTMM_DIAG] memory.max_at_node0 = 15728640000 bytes (15000 MB)
[HTMM_DIAG] memory.max_at_node0 = 15728640000 bytes (15000 MB)
[HTMM_DIAG] memory.htmm_enabled = [enabled] disabled
[HTMM_DIAG] memory.htmm_enabled = [enabled] disabled
[HTMM_DIAG] cgroup.procs size = 3
[HTMM_DIAG] cgroup.procs size = 3
               total        used        free      shared  buff/cache   available
Mem:       350232436     5986164   344039284        5560      206988   342983308
Swap:        8388604           0     8388604
               total        used        free      shared  buff/cache   available
Mem:       350232436     5986164   344039284        5560      206988   342983308
Swap:        8388604           0     8388604
=== GUPS Hotness Test (Single-Process + Placement Monitor) ===
=== Test10: Hot region at 40%~60% of address space ===
Updates:       7000000000
Total memory:  45000 MB (43.95 GB)
Element size:  8 bytes
Total elems:   5898240000
Hot region:    elems[2359296000..3538944000) = 1179648000 elems (9000.0 MB, addr 40%~60%)
Cold region:   4718592000 elems (36000.0 MB, addr 0%~40% + 60%~100%)
Access ratio:  hot 80% / cold 20%
Placement check interval: every 1000000000 accesses
Region: 0x400000000000 - 0x400afc800000
Hot:    0x400465000000 - 0x400697800000
Touching pages (first-touch allocation)...
Page touch complete.
[PLACEMENT #0] t=0.0s hot_pages=2304000  node0(DRAM)=277924(12.1%)  node2(PM)=2026076(87.9%)  other=0 err=0

=== Starting GUPS (single process + placement monitor) ===
=== GUPS Hotness Test (Single-Process + Placement Monitor) ===
=== Test10: Hot region at 40%~60% of address space ===
Updates:       7000000000
Total memory:  45000 MB (43.95 GB)
Element size:  8 bytes
Total elems:   5898240000
Hot region:    elems[2359296000..3538944000) = 1179648000 elems (9000.0 MB, addr 40%~60%)
Cold region:   4718592000 elems (36000.0 MB, addr 0%~40% + 60%~100%)
Access ratio:  hot 80% / cold 20%
Placement check interval: every 1000000000 accesses
Region: 0x400000000000 - 0x400afc800000
Hot:    0x400465000000 - 0x400697800000
Touching pages (first-touch allocation)...
Page touch complete.
[PLACEMENT #0] t=0.0s hot_pages=2304000  node0(DRAM)=277924(12.1%)  node2(PM)=2026076(87.9%)  other=0 err=0

=== Starting GUPS (single process + placement monitor) ===
[PLACEMENT #1] t=141.9s hot_pages=2304000  node0(DRAM)=290655(12.6%)  node2(PM)=2013345(87.4%)  other=0 err=0
[PLACEMENT #1] t=141.9s hot_pages=2304000  node0(DRAM)=290655(12.6%)  node2(PM)=2013345(87.4%)  other=0 err=0
[PLACEMENT #2] t=263.8s hot_pages=2304000  node0(DRAM)=290655(12.6%)  node2(PM)=2013345(87.4%)  other=0 err=0
[PLACEMENT #2] t=263.8s hot_pages=2304000  node0(DRAM)=290655(12.6%)  node2(PM)=2013345(87.4%)  other=0 err=0
[PLACEMENT #3] t=384.4s hot_pages=2304000  node0(DRAM)=290655(12.6%)  node2(PM)=2013345(87.4%)  other=0 err=0
[PLACEMENT #3] t=384.4s hot_pages=2304000  node0(DRAM)=290655(12.6%)  node2(PM)=2013345(87.4%)  other=0 err=0
[PLACEMENT #4] t=505.1s hot_pages=2304000  node0(DRAM)=290655(12.6%)  node2(PM)=2013345(87.4%)  other=0 err=0
[PLACEMENT #4] t=505.1s hot_pages=2304000  node0(DRAM)=290655(12.6%)  node2(PM)=2013345(87.4%)  other=0 err=0
[PLACEMENT #5] t=625.9s hot_pages=2304000  node0(DRAM)=290655(12.6%)  node2(PM)=2013345(87.4%)  other=0 err=0
[PLACEMENT #5] t=625.9s hot_pages=2304000  node0(DRAM)=290655(12.6%)  node2(PM)=2013345(87.4%)  other=0 err=0
[PLACEMENT #6] t=746.7s hot_pages=2304000  node0(DRAM)=290655(12.6%)  node2(PM)=2013345(87.4%)  other=0 err=0
[PLACEMENT #6] t=746.7s hot_pages=2304000  node0(DRAM)=290655(12.6%)  node2(PM)=2013345(87.4%)  other=0 err=0
[PLACEMENT #7] t=867.4s hot_pages=2304000  node0(DRAM)=290655(12.6%)  node2(PM)=2013345(87.4%)  other=0 err=0
[PLACEMENT #7] t=867.4s hot_pages=2304000  node0(DRAM)=290655(12.6%)  node2(PM)=2013345(87.4%)  other=0 err=0
[PLACEMENT #8] t=867.5s hot_pages=2304000  node0(DRAM)=290655(12.6%)  node2(PM)=2013345(87.4%)  other=0 err=0

=== Results ===
Time:          867.475 seconds
Updates:       7000000000
GUPS:          0.008069
Hot accesses:  5599928439 (80.0%)
Cold accesses: 1400071561 (20.0%)
Placement checks: 8

[SUMMARY] GUPS=0.008069  Time=867.475  Updates=7000000000 HotPct=80.0 ColdPct=20.0 PlacementChecks=8
[PLACEMENT #8] t=867.5s hot_pages=2304000  node0(DRAM)=290655(12.6%)  node2(PM)=2013345(87.4%)  other=0 err=0

=== Results ===
Time:          867.475 seconds
Updates:       7000000000
GUPS:          0.008069
Hot accesses:  5599928439 (80.0%)
Cold accesses: 1400071561 (20.0%)
Placement checks: 8

[SUMMARY] GUPS=0.008069  Time=867.475  Updates=7000000000 HotPct=80.0 ColdPct=20.0 PlacementChecks=8
pid: 3918
pid: 3918
execution time 919.80 (s)
execution time 919.80 (s)
/mnt/sas_ssd/lyh/memtis-Nomad/adaptive-userspace/scripts/run_bench.sh: line 102:  3886 Killed                  ${DIR}/scripts/memory_stat.sh ${LOG_DIR}
/mnt/sas_ssd/lyh/memtis-Nomad/adaptive-userspace/scripts/run_bench.sh: line 102:  3886 Killed                  ${DIR}/scripts/memory_stat.sh ${LOG_DIR}
+memory
+memory
+cpuset
+cpuset
3559
3559
disabled
disabled
[2026-03-26 12:30:53] Trace saved -> /mnt/sas_ssd/lyh/memtis-Nomad/adaptive-userspace/results/gups-quick/20260325_optimize_v1/adaptive/1:2/adaptive_trace.txt
[2026-03-26 12:30:53] Trace saved -> /mnt/sas_ssd/lyh/memtis-Nomad/adaptive-userspace/results/gups-quick/20260325_optimize_v1/adaptive/1:2/adaptive_trace.txt
[2026-03-26 12:30:53] DONE: adaptive / gups-quick / 1:2
[2026-03-26 12:30:53] DONE: adaptive / gups-quick / 1:2
[2026-03-26 12:30:53] State -> adaptive:gups-quick:1:4
[2026-03-26 12:30:53] State -> adaptive:gups-quick:1:4
[2026-03-26 12:30:53] ==========================================
[2026-03-26 12:30:53] ==========================================
[2026-03-26 12:30:53] RUN: adaptive / gups-quick / 1:4
[2026-03-26 12:30:53] RUN: adaptive / gups-quick / 1:4
[2026-03-26 12:30:53] ==========================================
[2026-03-26 12:30:53] ==========================================
Preparing benchmark start...
Preparing benchmark start...
sysctl: setting key "kernel.perf_event_max_sample_rate"sysctl: setting key "kernel.perf_event_max_sample_rate": Invalid argument
: Invalid argument
kernel.perf_cpu_time_max_percent = 0
kernel.perf_cpu_time_max_percent = 0
199
199
100007
100007
3
3
2
2
100000
100000
2000000
2000000
2
2
500
500
500
500
4
4
30
30
1
1
0
0
disabled
disabled
never
never
never
never
-----------------------
NVM RATIO: 1:4
202603261230
-----------------------
-----------------------
NVM RATIO: 1:4
202603261230
-----------------------
+memory
+memory
+cpuset
+cpuset
44931
44931
enabled
enabled
9437184000
9437184000
[HTMM_DIAG] memory.max_at_node0 = 9437184000 bytes (9000 MB)
[HTMM_DIAG] memory.max_at_node0 = 9437184000 bytes (9000 MB)
[HTMM_DIAG] memory.htmm_enabled = [enabled] disabled
[HTMM_DIAG] memory.htmm_enabled = [enabled] disabled
[HTMM_DIAG] cgroup.procs size = 3
[HTMM_DIAG] cgroup.procs size = 3
               total        used        free      shared  buff/cache   available
Mem:       350232436     7253488   342522428        5604      456520   341590732
Swap:        8388604           0     8388604
               total        used        free      shared  buff/cache   available
Mem:       350232436     7253488   342522428        5604      456520   341590732
Swap:        8388604           0     8388604
=== GUPS Hotness Test (Single-Process + Placement Monitor) ===
=== Test10: Hot region at 40%~60% of address space ===
Updates:       7000000000
Total memory:  45000 MB (43.95 GB)
Element size:  8 bytes
Total elems:   5898240000
Hot region:    elems[2359296000..3538944000) = 1179648000 elems (9000.0 MB, addr 40%~60%)
Cold region:   4718592000 elems (36000.0 MB, addr 0%~40% + 60%~100%)
Access ratio:  hot 80% / cold 20%
Placement check interval: every 1000000000 accesses
Region: 0x400000000000 - 0x400afc800000
Hot:    0x400465000000 - 0x400697800000
Touching pages (first-touch allocation)...
Page touch complete.
[PLACEMENT #0] t=0.0s hot_pages=2304000  node0(DRAM)=127503(5.5%)  node2(PM)=2176497(94.5%)  other=0 err=0

=== Starting GUPS (single process + placement monitor) ===
=== GUPS Hotness Test (Single-Process + Placement Monitor) ===
=== Test10: Hot region at 40%~60% of address space ===
Updates:       7000000000
Total memory:  45000 MB (43.95 GB)
Element size:  8 bytes
Total elems:   5898240000
Hot region:    elems[2359296000..3538944000) = 1179648000 elems (9000.0 MB, addr 40%~60%)
Cold region:   4718592000 elems (36000.0 MB, addr 0%~40% + 60%~100%)
Access ratio:  hot 80% / cold 20%
Placement check interval: every 1000000000 accesses
Region: 0x400000000000 - 0x400afc800000
Hot:    0x400465000000 - 0x400697800000
Touching pages (first-touch allocation)...
Page touch complete.
[PLACEMENT #0] t=0.0s hot_pages=2304000  node0(DRAM)=127503(5.5%)  node2(PM)=2176497(94.5%)  other=0 err=0

=== Starting GUPS (single process + placement monitor) ===
[PLACEMENT #1] t=140.4s hot_pages=2304000  node0(DRAM)=140269(6.1%)  node2(PM)=2163731(93.9%)  other=0 err=0
[PLACEMENT #1] t=140.4s hot_pages=2304000  node0(DRAM)=140269(6.1%)  node2(PM)=2163731(93.9%)  other=0 err=0
[PLACEMENT #2] t=272.0s hot_pages=2304000  node0(DRAM)=140276(6.1%)  node2(PM)=2163724(93.9%)  other=0 err=0
[PLACEMENT #2] t=272.0s hot_pages=2304000  node0(DRAM)=140276(6.1%)  node2(PM)=2163724(93.9%)  other=0 err=0
[PLACEMENT #3] t=403.6s hot_pages=2304000  node0(DRAM)=140276(6.1%)  node2(PM)=2163724(93.9%)  other=0 err=0
[PLACEMENT #3] t=403.6s hot_pages=2304000  node0(DRAM)=140276(6.1%)  node2(PM)=2163724(93.9%)  other=0 err=0
[PLACEMENT #4] t=535.1s hot_pages=2304000  node0(DRAM)=140276(6.1%)  node2(PM)=2163724(93.9%)  other=0 err=0
[PLACEMENT #4] t=535.1s hot_pages=2304000  node0(DRAM)=140276(6.1%)  node2(PM)=2163724(93.9%)  other=0 err=0
[PLACEMENT #5] t=666.5s hot_pages=2304000  node0(DRAM)=140282(6.1%)  node2(PM)=2163718(93.9%)  other=0 err=0
[PLACEMENT #5] t=666.5s hot_pages=2304000  node0(DRAM)=140282(6.1%)  node2(PM)=2163718(93.9%)  other=0 err=0
[PLACEMENT #6] t=797.9s hot_pages=2304000  node0(DRAM)=140294(6.1%)  node2(PM)=2163706(93.9%)  other=0 err=0
[PLACEMENT #6] t=797.9s hot_pages=2304000  node0(DRAM)=140294(6.1%)  node2(PM)=2163706(93.9%)  other=0 err=0
[PLACEMENT #7] t=929.1s hot_pages=2304000  node0(DRAM)=140298(6.1%)  node2(PM)=2163702(93.9%)  other=0 err=0
[PLACEMENT #7] t=929.1s hot_pages=2304000  node0(DRAM)=140298(6.1%)  node2(PM)=2163702(93.9%)  other=0 err=0
[PLACEMENT #8] t=929.2s hot_pages=2304000  node0(DRAM)=140298(6.1%)  node2(PM)=2163702(93.9%)  other=0 err=0

=== Results ===
Time:          929.209 seconds
Updates:       7000000000
GUPS:          0.007533
Hot accesses:  5599928439 (80.0%)
Cold accesses: 1400071561 (20.0%)
Placement checks: 8

[SUMMARY] GUPS=0.007533  Time=929.209  Updates=7000000000 HotPct=80.0 ColdPct=20.0 PlacementChecks=8
[PLACEMENT #8] t=929.2s hot_pages=2304000  node0(DRAM)=140298(6.1%)  node2(PM)=2163702(93.9%)  other=0 err=0

=== Results ===
Time:          929.209 seconds
Updates:       7000000000
GUPS:          0.007533
Hot accesses:  5599928439 (80.0%)
Cold accesses: 1400071561 (20.0%)
Placement checks: 8

[SUMMARY] GUPS=0.007533  Time=929.209  Updates=7000000000 HotPct=80.0 ColdPct=20.0 PlacementChecks=8
pid: 45083
pid: 45083
exeexecution time cution time 985.04 (s)985.04 (s)

/mnt/sas_ssd/lyh/memtis-Nomad/adaptive-userspace/scripts/run_bench.sh: line 102: 45077 Killed                  ${DIR}/scripts/memory_stat.sh ${LOG_DIR}
/mnt/sas_ssd/lyh/memtis-Nomad/adaptive-userspace/scripts/run_bench.sh: line 102: 45077 Killed                  ${DIR}/scripts/memory_stat.sh ${LOG_DIR}
+memory
+memory
+cpuset
+cpuset
44931
44931
disabled
disabled
[2026-03-26 12:47:27] Trace saved -> /mnt/sas_ssd/lyh/memtis-Nomad/adaptive-userspace/results/gups-quick/20260325_optimize_v1/adaptive/1:4/adaptive_trace.txt
[2026-03-26 12:47:27] Trace saved -> /mnt/sas_ssd/lyh/memtis-Nomad/adaptive-userspace/results/gups-quick/20260325_optimize_v1/adaptive/1:4/adaptive_trace.txt
[2026-03-26 12:47:27] DONE: adaptive / gups-quick / 1:4
[2026-03-26 12:47:27] DONE: adaptive / gups-quick / 1:4
[2026-03-26 12:47:27] State -> adaptive:gapbs-pr:1:2
[2026-03-26 12:47:27] State -> adaptive:gapbs-pr:1:2
[2026-03-26 12:47:27] ==========================================
[2026-03-26 12:47:27] ==========================================
[2026-03-26 12:47:27] RUN: adaptive / gapbs-pr / 1:2
[2026-03-26 12:47:27] RUN: adaptive / gapbs-pr / 1:2
[2026-03-26 12:47:27] ==========================================
[2026-03-26 12:47:27] ==========================================
Preparing benchmark start...
Preparing benchmark start...
sysctl: setting key "kernel.perf_event_max_sample_rate"sysctl: setting key "kernel.perf_event_max_sample_rate": Invalid argument
: Invalid argument
kernel.perf_cpu_time_max_percent = 0
kernel.perf_cpu_time_max_percent = 0
199
199
100007
100007
3
3
2
2
100000
100000
2000000
2000000
2
2
500
500
500
500
4
4
30
30
1
1
0
0
disabled
disabled
never
never
never
never
-----------------------
NVM RATIO: 1:2
202603261247
-----------------------
-----------------------
NVM RATIO: 1:2
202603261247
-----------------------
+memory
+memory
+cpuset
+cpuset
91311
91311
enabled
enabled
1887436800
1887436800
[HTMM_DIAG] memory.max_at_node0 = 1887436800 bytes (1800 MB)
[HTMM_DIAG] memory.max_at_node0 = 1887436800 bytes (1800 MB)
[HTMM_DIAG] memory.htmm_enabled = [enabled] disabled
[HTMM_DIAG] memory.htmm_enabled = [enabled] disabled
[HTMM_DIAG] cgroup.procs size = 3
[HTMM_DIAG] cgroup.procs size = 3
               total        used        free      shared  buff/cache   available
Mem:       350232436     7348412   342417544        5604      466480   341491068
Swap:        8388604           0     8388604
               total        used        free      shared  buff/cache   available
Mem:       350232436     7348412   342417544        5604      466480   341491068
Swap:        8388604           0     8388604
Read Time:           9.90177
Graph has 33554432 nodes and 523609147 undirected edges for degree: 15
Read Time:           9.90177
Graph has 33554432 nodes and 523609147 undirected edges for degree: 15
Trial Time:          2.35942
Trial Time:          2.29230
Trial Time:          2.24585
Trial Time:          2.25324
Trial Time:          2.24845
Trial Time:          2.24483
Trial Time:          2.25540
Trial Time:          3.87715
Trial Time:          22.64776
Trial Time:          22.62623
Trial Time:          22.62387
Trial Time:          22.63669
Trial Time:          22.66653
Trial Time:          22.66260
Trial Time:          22.89288
Trial Time:          23.38842
Trial Time:          23.19047
Trial Time:          23.12614
Trial Time:          23.27309
Trial Time:          23.24080
Trial Time:          23.09535
Trial Time:          23.27723
Trial Time:          23.23962
Trial Time:          23.27808
Trial Time:          23.11994
Trial Time:          23.15927
Trial Time:          23.52164
Trial Time:          23.08668
Trial Time:          23.12731
Trial Time:          23.19892
Trial Time:          23.14705
Trial Time:          23.13431
Trial Time:          23.06012
Trial Time:          23.04220
Trial Time:          23.07425
Trial Time:          23.27436
Trial Time:          23.06981
Trial Time:          23.00135
Trial Time:          23.07469
Trial Time:          23.02980
Trial Time:          23.14131
Trial Time:          23.17036
Trial Time:          22.67023
Trial Time:          22.73058
Trial Time:          22.66276
Trial Time:          23.21629
Trial Time:          23.38622
Trial Time:          27.22018
Trial Time:          36.63851
Trial Time:          36.73881
Trial Time:          36.65823
Trial Time:          39.28035
Trial Time:          39.02819
Trial Time:          39.02564
Trial Time:          38.96173
Trial Time:          39.02621
Trial Time:          38.99089
Trial Time:          39.00907
Trial Time:          38.98158
Trial Time:          38.95711
Trial Time:          35.88761
Trial Time:          37.09141
Trial Time:          37.09292
Trial Time:          37.01839
Trial Time:          37.02965
Trial Time:          36.98662
Trial Time:          37.03540
Trial Time:          37.03982
Trial Time:          37.08907
Trial Time:          36.98593
Trial Time:          37.04703
Trial Time:          37.03932
Trial Time:          37.04866
Trial Time:          37.04261
Trial Time:          37.09698
Trial Time:          37.05885
Trial Time:          37.02421
Trial Time:          37.05935
Trial Time:          37.07979
Trial Time:          37.06413
Trial Time:          37.05270
Trial Time:          37.08399
Trial Time:          37.09295
Trial Time:          37.00218
Trial Time:          37.08742
Trial Time:          37.04782
Trial Time:          37.00873
Trial Time:          37.05972
Trial Time:          37.04369
Trial Time:          37.06358
Trial Time:          37.15342
Trial Time:          37.11030
Trial Time:          37.04251
Trial Time:          37.01483
Trial Time:          37.06483
Trial Time:          37.04626
Trial Time:          37.05594
Trial Time:          37.04832
Trial Time:          37.01432
Trial Time:          37.06557
Trial Time:          37.06176
Trial Time:          37.06211
Trial Time:          37.02807
Trial Time:          37.07202
Trial Time:          37.15217
Trial Time:          37.21308
Trial Time:          37.17288
Trial Time:          37.16191
Trial Time:          37.17947
Trial Time:          37.17172
Trial Time:          37.16874
Trial Time:          37.18116
Trial Time:          37.15998
Trial Time:          37.14619
Trial Time:          37.19537
Trial Time:          37.17438
Trial Time:          37.15572
Trial Time:          37.15153
Trial Time:          37.16204
Trial Time:          37.12639
Trial Time:          37.16408
Trial Time:          37.14474
Trial Time:          37.12197
Trial Time:          37.20205
Trial Time:          37.12950
Trial Time:          37.13301
Trial Time:          37.16566
Trial Time:          37.23888
Trial Time:          37.18133
Trial Time:          37.16480
Trial Time:          37.18152
Trial Time:          37.20463
Trial Time:          37.20945
Trial Time:          37.16752
Trial Time:          37.16368
Trial Time:          37.20314
Trial Time:          37.Trial Time:          2.35942
Trial Time:          2.29230
Trial Time:          2.24585
Trial Time:          2.25324
Trial Time:          2.24845
Trial Time:          2.24483
Trial Time:          2.25540
Trial Time:          3.87715
Trial Time:          22.64776
Trial Time:          22.62623
Trial Time:          22.62387
Trial Time:          22.63669
Trial Time:          22.66653
Trial Time:          22.66260
Trial Time:          22.89288
Trial Time:          23.38842
Trial Time:          23.19047
Trial Time:          23.12614
Trial Time:          23.27309
Trial Time:          23.24080
Trial Time:          23.09535
Trial Time:          23.27723
Trial Time:          23.23962
Trial Time:          23.27808
Trial Time:          23.11994
Trial Time:          23.15927
Trial Time:          23.52164
Trial Time:          23.08668
Trial Time:          23.12731
Trial Time:          23.19892
Trial Time:          23.14705
Trial Time:          23.13431
Trial Time:          23.06012
Trial Time:          23.04220
Trial Time:          23.07425
Trial Time:          23.27436
Trial Time:          23.06981
Trial Time:          23.00135
Trial Time:          23.07469
Trial Time:          23.02980
Trial Time:          23.14131
Trial Time:          23.17036
Trial Time:          22.67023
Trial Time:          22.73058
Trial Time:          22.66276
Trial Time:          23.21629
Trial Time:          23.38622
Trial Time:          27.22018
Trial Time:          36.63851
Trial Time:          36.73881
Trial Time:          36.65823
Trial Time:          39.28035
Trial Time:          39.02819
Trial Time:          39.02564
Trial Time:          38.96173
Trial Time:          39.02621
Trial Time:          38.99089
Trial Time:          39.00907
Trial Time:          38.98158
Trial Time:          38.95711
Trial Time:          35.88761
Trial Time:          37.09141
Trial Time:          37.09292
Trial Time:          37.01839
Trial Time:          37.02965
Trial Time:          36.98662
Trial Time:          37.03540
Trial Time:          37.03982
Trial Time:          37.08907
Trial Time:          36.98593
Trial Time:          37.04703
Trial Time:          37.03932
Trial Time:          37.04866
Trial Time:          37.04261
Trial Time:          37.09698
Trial Time:          37.05885
Trial Time:          37.02421
Trial Time:          37.05935
Trial Time:          37.07979
Trial Time:          37.06413
Trial Time:          37.05270
Trial Time:          37.08399
Trial Time:          37.09295
Trial Time:          37.00218
Trial Time:          37.08742
Trial Time:          37.04782
Trial Time:          37.00873
Trial Time:          37.05972
Trial Time:          37.04369
Trial Time:          37.06358
Trial Time:          37.15342
Trial Time:          37.11030
Trial Time:          37.04251
Trial Time:          37.01483
Trial Time:          37.06483
Trial Time:          37.04626
Trial Time:          37.05594
Trial Time:          37.04832
Trial Time:          37.01432
Trial Time:          37.06557
Trial Time:          37.06176
Trial Time:          37.06211
Trial Time:          37.02807
Trial Time:          37.07202
Trial Time:          37.15217
Trial Time:          37.21308
Trial Time:          37.17288
Trial Time:          37.16191
Trial Time:          37.17947
Trial Time:          37.17172
Trial Time:          37.16874
Trial Time:          37.18116
Trial Time:          37.15998
Trial Time:          37.14619
Trial Time:          37.19537
Trial Time:          37.17438
Trial Time:          37.15572
Trial Time:          37.15153
Trial Time:          37.16204
Trial Time:          37.12639
Trial Time:          37.16408
Trial Time:          37.14474
Trial Time:          37.12197
Trial Time:          37.20205
Trial Time:          37.12950
Trial Time:          37.13301
Trial Time:          37.16566
Trial Time:          37.23888
Trial Time:          37.18133
Trial Time:          37.16480
Trial Time:          37.18152
Trial Time:          37.20463
Trial Time:          37.20945
Trial Time:          37.16752
Trial Time:          37.16368
Trial Time:          37.20314
Trial Time:          37.[2026-03-26 14:36:56] [resume] Resuming from state: adaptive:gapbs-pr:1:2
[2026-03-26 14:36:56] [resume] Resuming from state: adaptive:gapbs-pr:1:2
[2026-03-26 14:37:06] optimize_compare start, state=adaptive:gapbs-pr:1:2
[2026-03-26 14:37:06] optimize_compare start, state=adaptive:gapbs-pr:1:2
[2026-03-26 14:37:06] ==========================================
[2026-03-26 14:37:06] ==========================================
[2026-03-26 14:37:06] RUN: adaptive / gapbs-pr / 1:2
[2026-03-26 14:37:06] RUN: adaptive / gapbs-pr / 1:2
[2026-03-26 14:37:06] ==========================================
[2026-03-26 14:37:06] ==========================================
Preparing benchmark start...
Preparing benchmark start...
kernel.perf_event_max_sample_rate = 100000
kernel.perf_event_max_sample_rate = 100000
kernel.perf_cpu_time_max_percent = 0
kernel.perf_cpu_time_max_percent = 0
tee: /sys/kernel/mm/htmm/htmm_sample_periodtee: /sys/kernel/mm/htmm/htmm_sample_period: No such file or directory
199
: No such file or directory
199
tee: /sys/kernel/mm/htmm/htmm_inst_sample_periodtee: /sys/kernel/mm/htmm/htmm_inst_sample_period: No such file or directory
100007
: No such file or directory
100007
tee: /sys/kernel/mm/htmm/htmm_thres_hottee: /sys/kernel/mm/htmm/htmm_thres_hot: No such file or directory
3
: No such file or directory
3
tee: /sys/kernel/mm/htmm/htmm_split_periodtee: /sys/kernel/mm/htmm/htmm_split_period: No such file or directory
2
: No such file or directory
2
tee: /sys/kernel/mm/htmm/htmm_adaptation_periodtee: /sys/kernel/mm/htmm/htmm_adaptation_period: No such file or directory
100000
: No such file or directory
100000
tee: /sys/kernel/mm/htmm/htmm_cooling_periodtee: /sys/kernel/mm/htmm/htmm_cooling_period: No such file or directory
2000000
: No such file or directory
2000000
tee: /sys/kernel/mm/htmm/htmm_modetee: /sys/kernel/mm/htmm/htmm_mode: No such file or directory
2
: No such file or directory
2
tee: /sys/kernel/mm/htmm/htmm_demotion_period_in_mstee: /sys/kernel/mm/htmm/htmm_demotion_period_in_ms: No such file or directory
500
: No such file or directory
500
tee: /sys/kernel/mm/htmm/htmm_promotion_period_in_mstee: /sys/kernel/mm/htmm/htmm_promotion_period_in_ms: No such file or directory
500
: No such file or directory
500
tee: /sys/kernel/mm/htmm/htmm_gamma: No such file or directory
4
tee: /sys/kernel/mm/htmm/htmm_gamma: No such file or directory
4
tee: /sys/kernel/mm/htmm/ksampled_soft_cpu_quotatee: /sys/kernel/mm/htmm/ksampled_soft_cpu_quota: No such file or directory
30
: No such file or directory
30
tee: /sys/kernel/mm/htmm/htmm_thres_splittee: /sys/kernel/mm/htmm/htmm_thres_split: No such file or directory
1
: No such file or directory
1
tee: /sys/kernel/mm/htmm/htmm_nowarmtee: /sys/kernel/mm/htmm/htmm_nowarm: No such file or directory
0
: No such file or directory
0
/mnt/sas_ssd/lyh/memtis-Nomad/adaptive-userspace/scripts/set_uncore_freq.sh: line 10: /sys/devices/system/cpu/intel_uncore_frequency/package_01_die_00/max_freq_khz: No such file or directory
/mnt/sas_ssd/lyh/memtis-Nomad/adaptive-userspace/scripts/set_uncore_freq.sh: line 11: /sys/devices/system/cpu/intel_uncore_frequency/package_01_die_00/min_freq_khz: No such file or directory
/mnt/sas_ssd/lyh/memtis-Nomad/adaptive-userspace/scripts/set_uncore_freq.sh: line 10: /sys/devices/system/cpu/intel_uncore_frequency/package_01_die_00/max_freq_khz: No such file or directory
/mnt/sas_ssd/lyh/memtis-Nomad/adaptive-userspace/scripts/set_uncore_freq.sh: line 11: /sys/devices/system/cpu/intel_uncore_frequency/package_01_die_00/min_freq_khz: No such file or directory
tee: /sys/kernel/mm/htmm/htmm_cxl_modetee: /sys/kernel/mm/htmm/htmm_cxl_mode: No such file or directory
disabled
: No such file or directory
disabled
never
never
never
never
-----------------------
NVM RATIO: 1:2
202603261437
-----------------------
-----------------------
NVM RATIO: 1:2
202603261437
-----------------------
rmdir: failed to remove '/sys/fs/cgroup/htmm': No such file or directory
rmdir: failed to remove '/sys/fs/cgroup/htmm': No such file or directory
+memory
+memory
+cpuset
+cpuset
2613
2613
tee: /sys/fs/cgroup/htmm/memory.htmm_enabledtee: /sys/fs/cgroup/htmm/memory.htmm_enabled: Permission denied
enabled
: Permission denied
enabled
invalid node id: 0
invalid node id: 0
[HTMM_DIAG] WARNING: /sys/fs/cgroup/htmm/memory.max_at_node0 不存在 — htmm cgroup 可能未正确创建！
[HTMM_DIAG] WARNING: /sys/fs/cgroup/htmm/memory.max_at_node0 不存在 — htmm cgroup 可能未正确创建！
               total        used        free      shared  buff/cache   available
Mem:       197239764     1483372   195518376        5656      238016   194786792
Swap:        8388604           0     8388604
               total        used        free      shared  buff/cache   available
Mem:       197239764     1483372   195518376        5656      238016   194786792
Swap:        8388604           0     8388604
cat: /sys/fs/cgroup/htmm/memory.hotness_statcat: /sys/fs/cgroup/htmm/memory.hotness_stat: No such file or directory
: No such file or directory
cat: /sys/fs/cgroup/htmm/memory.hotness_stat: No such file or directory
cat: /sys/fs/cgroup/htmm/memory.hotness_stat: No such file or directory
cat: /sys/fs/cgroup/htmm/memory.hotness_statcat: /sys/fs/cgroup/htmm/memory.hotness_stat: No such file or directory
: No such file or directory
cat: /sys/fs/cgroup/htmm/memory.hotness_statcat: /sys/fs/cgroup/htmm/memory.hotness_stat: No such file or directory
: No such file or directory
cat: /sys/fs/cgroup/htmm/memory.hotness_statcat: /sys/fs/cgroup/htmm/memory.hotness_stat: No such file or directory
: No such file or directory
Read Time:           4.79801
Graph has 33554432 nodes and 523609147 undirected edges for degree: 15
Read Time:           4.79801
Graph has 33554432 nodes and 523609147 undirected edges for degree: 15
cat: /sys/fs/cgroup/htmm/memory.hotness_statcat: /sys/fs/cgroup/htmm/memory.hotness_stat: No such file or directory
: No such file or directory
cat: /sys/fs/cgroup/htmm/memory.hotness_statcat: /sys/fs/cgroup/htmm/memory.hotness_stat: No such file or directory
: No such file or directory
cat: /sys/fs/cgroup/htmm/memory.hotness_statcat: /sys/fs/cgroup/htmm/memory.hotness_stat: No such file or directory
: No such file or directory
cat: /sys/fs/cgroup/htmm/memory.hotness_statcat: /sys/fs/cgroup/htmm/memory.hotness_stat: No such file or directory
: No such file or directory
cat: /sys/fs/cgroup/htmm/memory.hotness_statcat: /sys/fs/cgroup/htmm/memory.hotness_stat: No such file or directory
: No such file or directory
cat: /sys/fs/cgroup/htmm/memory.hotness_statcat: /sys/fs/cgroup/htmm/memory.hotness_stat: No such file or directory
: No such file or directory
cat: /sys/fs/cgroup/htmm/memory.hotness_statcat: /sys/fs/cgroup/htmm/memory.hotness_stat: No such file or directory
: No such file or directory
cat: /sys/fs/cgroup/htmm/memory.hotness_statcat: /sys/fs/cgroup/htmm/memory.hotness_stat: No such file or directory
: No such file or directory
cat: /sys/fs/cgroup/htmm/memory.hotness_statcat: /sys/fs/cgroup/htmm/memory.hotness_stat: No such file or directory
: No such file or directory
cat: /sys/fs/cgroup/htmm/memory.hotness_statcat: /sys/fs/cgroup/htmm/memory.hotness_stat: No such file or directory
: No such file or directory
cat: /sys/fs/cgroup/htmm/memory.hotness_statcat: /sys/fs/cgroup/htmm/memory.hotness_stat: No such file or directory
: No such file or directory
cat: /sys/fs/cgroup/htmm/memory.hotness_statcat: /sys/fs/cgroup/htmm/memory.hotness_stat: No such file or directory
: No such file or directory
cat: /sys/fs/cgroup/htmm/memory.hotness_statcat: /sys/fs/cgroup/htmm/memory.hotness_stat: No such file or directory
: No such file or directory
cat: /sys/fs/cgroup/htmm/memory.hotness_statcat: /sys/fs/cgroup/htmm/memory.hotness_stat: No such file or directory
: No such file or directory
cat: /sys/fs/cgroup/htmm/memory.hotness_statcat: /sys/fs/cgroup/htmm/memory.hotness_stat: No such file or directory
: No such file or directory
cat: /sys/fs/cgroup/htmm/memory.hotness_statcat: /sys/fs/cgroup/htmm/memory.hotness_stat: No such file or directory
: No such file or directory
cat: /sys/fs/cgroup/htmm/memory.hotness_statcat: /sys/fs/cgroup/htmm/memory.hotness_stat: No such file or directory
: No such file or directory
cat: /sys/fs/cgroup/htmm/memory.hotness_statcat: /sys/fs/cgroup/htmm/memory.hotness_stat: No such file or directory
: No such file or directory
cat: /sys/fs/cgroup/htmm/memory.hotness_statcat: /sys/fs/cgroup/htmm/memory.hotness_stat: No such file or directory
: No such file or directory
cat: /sys/fs/cgroup/htmm/memory.hotness_statcat: /sys/fs/cgroup/htmm/memory.hotness_stat: No such file or directory
: No such file or directory
cat: /sys/fs/cgroup/htmm/memory.hotness_statcat: /sys/fs/cgroup/htmm/memory.hotness_stat: No such file or directory
: No such file or directory
cat: /sys/fs/cgroup/htmm/memory.hotness_statcat: /sys/fs/cgroup/htmm/memory.hotness_stat: No such file or directory
: No such file or directory
cat: /sys/fs/cgroup/htmm/memory.hotness_statcat: /sys/fs/cgroup/htmm/memory.hotness_stat: No such file or directory
: No such file or directory
cat: /sys/fs/cgroup/htmm/memory.hotness_statcat: /sys/fs/cgroup/htmm/memory.hotness_stat: No such file or directory
: No such file or directory
cat: /sys/fs/cgroup/htmm/memory.hotness_statcat: /sys/fs/cgroup/htmm/memory.hotness_stat: No such file or directory
: No such file or directory
cat: /sys/fs/cgroup/htmm/memory.hotness_statcat: /sys/fs/cgroup/htmm/memory.hotness_stat: No such file or directory
: No such file or directory
cat: /sys/fs/cgroup/htmm/memory.hotness_statcat: /sys/fs/cgroup/htmm/memory.hotness_stat: No such file or directory
: No such file or directory
cat: /sys/fs/cgroup/htmm/memory.hotness_statcat: /sys/fs/cgroup/htmm/memory.hotness_stat: No such file or directory
: No such file or directory
cat: /sys/fs/cgroup/htmm/memory.hotness_statcat: /sys/fs/cgroup/htmm/memory.hotness_stat: No such file or directory
: No such file or directory
cat: /sys/fs/cgroup/htmm/memory.hotness_statcat: /sys/fs/cgroup/htmm/memory.hotness_stat: No such file or directory
: No such file or directory
cat: /sys/fs/cgroup/htmm/memory.hotness_statcat: /sys/fs/cgroup/htmm/memory.hotness_stat: No such file or directory
: No such file or directory
cat: /sys/fs/cgroup/htmm/memory.hotness_statcat: /sys/fs/cgroup/htmm/memory.hotness_stat: No such file or directory
: No such file or directory
cat: /sys/fs/cgroup/htmm/memory.hotness_statcat: /sys/fs/cgroup/htmm/memory.hotness_stat: No such file or directory
: No such file or directory
cat: /sys/fs/cgroup/htmm/memory.hotness_statcat: /sys/fs/cgroup/htmm/memory.hotness_stat: No such file or directory
: No such file or directory
cat: /sys/fs/cgroup/htmm/memory.hotness_statcat: /sys/fs/cgroup/htmm/memory.hotness_stat: No such file or directory
: No such file or directory
cat: /sys/fs/cgroup/htmm/memory.hotness_statcat: /sys/fs/cgroup/htmm/memory.hotness_stat: No such file or directory
: No such file or directory
cat: /sys/fs/cgroup/htmm/memory.hotness_statcat: /sys/fs/cgroup/htmm/memory.hotness_stat: No such file or directory
: No such file or directory
cat: /sys/fs/cgroup/htmm/memory.hotness_statcat: /sys/fs/cgroup/htmm/memory.hotness_stat: No such file or directory
: No such file or directory
cat: /sys/fs/cgroup/htmm/memory.hotness_statcat: /sys/fs/cgroup/htmm/memory.hotness_stat: No such file or directory
: No such file or directory
cat: /sys/fs/cgroup/htmm/memory.hotness_statcat: /sys/fs/cgroup/htmm/memory.hotness_stat: No such file or directory
: No such file or directory
cat: /sys/fs/cgroup/htmm/memory.hotness_statcat: /sys/fs/cgroup/htmm/memory.hotness_stat: No such file or directory
: No such file or directory
cat: /sys/fs/cgroup/htmm/memory.hotness_statcat: /sys/fs/cgroup/htmm/memory.hotness_stat: No such file or directory
: No such file or directory
cat: /sys/fs/cgroup/htmm/memory.hotness_statcat: /sys/fs/cgroup/htmm/memory.hotness_stat: No such file or directory
: No such file or directory
cat: /sys/fs/cgroup/htmm/memory.hotness_statcat: /sys/fs/cgroup/htmm/memory.hotness_stat: No such file or directory
: No such file or directory
cat: /sys/fs/cgroup/htmm/memory.hotness_statcat: /sys/fs/cgroup/htmm/memory.hotness_stat: No such file or directory
: No such file or directory
cat: /sys/fs/cgroup/htmm/memory.hotness_statcat: /sys/fs/cgroup/htmm/memory.hotness_stat: No such file or directory
: No such file or directory
cat: /sys/fs/cgroup/htmm/memory.hotness_statcat: /sys/fs/cgroup/htmm/memory.hotness_stat: No such file or directory
: No such file or directory
cat: /sys/fs/cgroup/htmm/memory.hotness_statcat: /sys/fs/cgroup/htmm/memory.hotness_stat: No such file or directory
: No such file or directory
cat: /sys/fs/cgroup/htmm/memory.hotness_statcat: /sys/fs/cgroup/htmm/memory.hotness_stat: No such file or directory
: No such file or directory
cat: /sys/fs/cgroup/htmm/memory.hotness_statcat: /sys/fs/cgroup/htmm/memory.hotness_stat: No such file or directory
: No such file or directory
cat: /sys/fs/cgroup/htmm/memory.hotness_statcat: /sys/fs/cgroup/htmm/memory.hotness_stat: No such file or directory
: No such file or directory
cat: /sys/fs/cgroup/htmm/memory.hotness_statcat: /sys/fs/cgroup/htmm/memory.hotness_stat: No such file or directory
: No such file or directory
cat: /sys/fs/cgroup/htmm/memory.hotness_statcat: /sys/fs/cgroup/htmm/memory.hotness_stat: No such file or directory
: No such file or directory
cat: /sys/fs/cgroup/htmm/memory.hotness_statcat: /sys/fs/cgroup/htmm/memory.hotness_stat: No such file or directory
: No such file or directory
cat: /sys/fs/cgroup/htmm/memory.hotness_statcat: /sys/fs/cgroup/htmm/memory.hotness_stat: No such file or directory
: No such file or directory
cat: /sys/fs/cgroup/htmm/memory.hotness_statcat: /sys/fs/cgroup/htmm/memory.hotness_stat: No such file or directory
: No such file or directory
cat: /sys/fs/cgroup/htmm/memory.hotness_statcat: /sys/fs/cgroup/htmm/memory.hotness_stat: No such file or directory
: No such file or directory
cat: /sys/fs/cgroup/htmm/memory.hotness_statcat: /sys/fs/cgroup/htmm/memory.hotness_stat: No such file or directory
: No such file or directory
cat: /sys/fs/cgroup/htmm/memory.hotness_statcat: /sys/fs/cgroup/htmm/memory.hotness_stat: No such file or directory
: No such file or directory
cat: /sys/fs/cgroup/htmm/memory.hotness_statcat: /sys/fs/cgroup/htmm/memory.hotness_stat: No such file or directory
: No such file or directory
cat: /sys/fs/cgroup/htmm/memory.hotness_statcat: /sys/fs/cgroup/htmm/memory.hotness_stat: No such file or directory
: No such file or directory
cat: /sys/fs/cgroup/htmm/memory.hotness_statcat: /sys/fs/cgroup/htmm/memory.hotness_stat: No such file or directory
: No such file or directory
cat: /sys/fs/cgroup/htmm/memory.hotness_statcat: /sys/fs/cgroup/htmm/memory.hotness_stat: No such file or directory
: No such file or directory
cat: /sys/fs/cgroup/htmm/memory.hotness_statcat: /sys/fs/cgroup/htmm/memory.hotness_stat: No such file or directory
: No such file or directory
cat: /sys/fs/cgroup/htmm/memory.hotness_statcat: /sys/fs/cgroup/htmm/memory.hotness_stat: No such file or directory
: No such file or directory
cat: /sys/fs/cgroup/htmm/memory.hotness_statcat: /sys/fs/cgroup/htmm/memory.hotness_stat: No such file or directory
: No such file or directory
cat: /sys/fs/cgroup/htmm/memory.hotness_statcat: /sys/fs/cgroup/htmm/memory.hotness_stat: No such file or directory
: No such file or directory
cat: /sys/fs/cgroup/htmm/memory.hotness_statcat: /sys/fs/cgroup/htmm/memory.hotness_stat: No such file or directory
: No such file or directory
cat: /sys/fs/cgroup/htmm/memory.hotness_statcat: /sys/fs/cgroup/htmm/memory.hotness_stat: No such file or directory
: No such file or directory
cat: /sys/fs/cgroup/htmm/memory.hotness_statcat: /sys/fs/cgroup/htmm/memory.hotness_stat: No such file or directory
: No such file or directory
cat: /sys/fs/cgroup/htmm/memory.hotness_statcat: /sys/fs/cgroup/htmm/memory.hotness_stat: No such file or directory
: No such file or directory
cat: /sys/fs/cgroup/htmm/memory.hotness_statcat: /sys/fs/cgroup/htmm/memory.hotness_stat: No such file or directory
: No such file or directory
cat: /sys/fs/cgroup/htmm/memory.hotness_statcat: /sys/fs/cgroup/htmm/memory.hotness_stat: No such file or directory
: No such file or directory
cat: /sys/fs/cgroup/htmm/memory.hotness_statcat: /sys/fs/cgroup/htmm/memory.hotness_stat: No such file or directory
: No such file or directory
cat: /sys/fs/cgroup/htmm/memory.hotness_statcat: /sys/fs/cgroup/htmm/memory.hotness_stat: No such file or directory
: No such file or directory
cat: /sys/fs/cgroup/htmm/memory.hotness_statcat: /sys/fs/cgroup/htmm/memory.hotness_stat: No such file or directory
: No such file or directory
cat: /sys/fs/cgroup/htmm/memory.hotness_statcat: /sys/fs/cgroup/htmm/memory.hotness_stat: No such file or directory
: No such file or directory
cat: /sys/fs/cgroup/htmm/memory.hotness_statcat: /sys/fs/cgroup/htmm/memory.hotness_stat: No such file or directory
: No such file or directory
cat: /sys/fs/cgroup/htmm/memory.hotness_statcat: /sys/fs/cgroup/htmm/memory.hotness_stat: No such file or directory
: No such file or directory
cat: /sys/fs/cgroup/htmm/memory.hotness_statcat: /sys/fs/cgroup/htmm/memory.hotness_stat: No such file or directory
: No such file or directory
cat: /sys/fs/cgroup/htmm/memory.hotness_statcat: /sys/fs/cgroup/htmm/memory.hotness_stat: No such file or directory
: No such file or directory
cat: /sys/fs/cgroup/htmm/memory.hotness_statcat: /sys/fs/cgroup/htmm/memory.hotness_stat: No such file or directory
: No such file or directory
cat: /sys/fs/cgroup/htmm/memory.hotness_statcat: /sys/fs/cgroup/htmm/memory.hotness_stat: No such file or directory
: No such file or directory
cat: /sys/fs/cgroup/htmm/memory.hotness_statcat: /sys/fs/cgroup/htmm/memory.hotness_stat: No such file or directory
: No such file or directory
cat: /sys/fs/cgroup/htmm/memory.hotness_statcat: /sys/fs/cgroup/htmm/memory.hotness_stat: No such file or directory
: No such file or directory
cat: /sys/fs/cgroup/htmm/memory.hotness_statcat: /sys/fs/cgroup/htmm/memory.hotness_stat: No such file or directory
: No such file or directory
cat: /sys/fs/cgroup/htmm/memory.hotness_statcat: /sys/fs/cgroup/htmm/memory.hotness_stat: No such file or directory
: No such file or directory
cat: /sys/fs/cgroup/htmm/memory.hotness_statcat: /sys/fs/cgroup/htmm/memory.hotness_stat: No such file or directory
: No such file or directory
cat: /sys/fs/cgroup/htmm/memory.hotness_statcat: /sys/fs/cgroup/htmm/memory.hotness_stat: No such file or directory
: No such file or directory
cat: /sys/fs/cgroup/htmm/memory.hotness_statcat: /sys/fs/cgroup/htmm/memory.hotness_stat: No such file or directory
: No such file or directory
cat: /sys/fs/cgroup/htmm/memory.hotness_statcat: /sys/fs/cgroup/htmm/memory.hotness_stat: No such file or directory
: No such file or directory
cat: /sys/fs/cgroup/htmm/memory.hotness_statcat: /sys/fs/cgroup/htmm/memory.hotness_stat: No such file or directory
: No such file or directory
cat: /sys/fs/cgroup/htmm/memory.hotness_statcat: /sys/fs/cgroup/htmm/memory.hotness_stat: No such file or directory
: No such file or directory
cat: /sys/fs/cgroup/htmm/memory.hotness_statcat: /sys/fs/cgroup/htmm/memory.hotness_stat: No such file or directory
: No such file or directory
cat: /sys/fs/cgroup/htmm/memory.hotness_statcat: /sys/fs/cgroup/htmm/memory.hotness_stat: No such file or directory
: No such file or directory
cat: /sys/fs/cgroup/htmm/memory.hotness_statcat: /sys/fs/cgroup/htmm/memory.hotness_stat: No such file or directory
: No such file or directory
cat: /sys/fs/cgroup/htmm/memory.hotness_statcat: /sys/fs/cgroup/htmm/memory.hotness_stat: No such file or directory
: No such file or directory
cat: /sys/fs/cgroup/htmm/memory.hotness_statcat: /sys/fs/cgroup/htmm/memory.hotness_stat: No such file or directory
: No such file or directory
cat: /sys/fs/cgroup/htmm/memory.hotness_statcat: /sys/fs/cgroup/htmm/memory.hotness_stat: No such file or directory
: No such file or directory
cat: /sys/fs/cgroup/htmm/memory.hotness_statcat: /sys/fs/cgroup/htmm/memory.hotness_stat: No such file or directory
: No such file or directory
cat: /sys/fs/cgroup/htmm/memory.hotness_statcat: /sys/fs/cgroup/htmm/memory.hotness_stat: No such file or directory
: No such file or directory
cat: /sys/fs/cgroup/htmm/memory.hotness_statcat: /sys/fs/cgroup/htmm/memory.hotness_stat: No such file or directory
: No such file or directory
cat: /sys/fs/cgroup/htmm/memory.hotness_statcat: /sys/fs/cgroup/htmm/memory.hotness_stat: No such file or directory
: No such file or directory
cat: /sys/fs/cgroup/htmm/memory.hotness_statcat: /sys/fs/cgroup/htmm/memory.hotness_stat: No such file or directory
: No such file or directory
cat: /sys/fs/cgroup/htmm/memory.hotness_statcat: /sys/fs/cgroup/htmm/memory.hotness_stat: No such file or directory
: No such file or directory
cat: /sys/fs/cgroup/htmm/memory.hotness_statcat: /sys/fs/cgroup/htmm/memory.hotness_stat: No such file or directory
: No such file or directory
cat: /sys/fs/cgroup/htmm/memory.hotness_statcat: /sys/fs/cgroup/htmm/memory.hotness_stat: No such file or directory
: No such file or directory
cat: /sys/fs/cgroup/htmm/memory.hotness_statcat: /sys/fs/cgroup/htmm/memory.hotness_stat: No such file or directory
: No such file or directory
cat: /sys/fs/cgroup/htmm/memory.hotness_statcat: /sys/fs/cgroup/htmm/memory.hotness_stat: No such file or directory
: No such file or directory
cat: /sys/fs/cgroup/htmm/memory.hotness_statcat: /sys/fs/cgroup/htmm/memory.hotness_stat: No such file or directory
: No such file or directory
cat: /sys/fs/cgroup/htmm/memory.hotness_statcat: /sys/fs/cgroup/htmm/memory.hotness_stat: No such file or directory
: No such file or directory
cat: /sys/fs/cgroup/htmm/memory.hotness_statcat: /sys/fs/cgroup/htmm/memory.hotness_stat: No such file or directory
: No such file or directory
cat: /sys/fs/cgroup/htmm/memory.hotness_statcat: /sys/fs/cgroup/htmm/memory.hotness_stat: No such file or directory
: No such file or directory
cat: /sys/fs/cgroup/htmm/memory.hotness_statcat: /sys/fs/cgroup/htmm/memory.hotness_stat: No such file or directory
: No such file or directory
cat: /sys/fs/cgroup/htmm/memory.hotness_statcat: /sys/fs/cgroup/htmm/memory.hotness_stat: No such file or directory
: No such file or directory
cat: /sys/fs/cgroup/htmm/memory.hotness_statcat: /sys/fs/cgroup/htmm/memory.hotness_stat: No such file or directory
: No such file or directory
cat: /sys/fs/cgroup/htmm/memory.hotness_statcat: /sys/fs/cgroup/htmm/memory.hotness_stat: No such file or directory
: No such file or directory
cat: /sys/fs/cgroup/htmm/memory.hotness_statcat: /sys/fs/cgroup/htmm/memory.hotness_stat: No such file or directory
: No such file or directory
cat: /sys/fs/cgroup/htmm/memory.hotness_statcat: /sys/fs/cgroup/htmm/memory.hotness_stat: No such file or directory
: No such file or directory
cat: /sys/fs/cgroup/htmm/memory.hotness_statcat: /sys/fs/cgroup/htmm/memory.hotness_stat: No such file or directory
: No such file or directory
cat: /sys/fs/cgroup/htmm/memory.hotness_statcat: /sys/fs/cgroup/htmm/memory.hotness_stat: No such file or directory
: No such file or directory
cat: /sys/fs/cgroup/htmm/memory.hotness_statcat: /sys/fs/cgroup/htmm/memory.hotness_stat: No such file or directory
: No such file or directory
cat: /sys/fs/cgroup/htmm/memory.hotness_statcat: /sys/fs/cgroup/htmm/memory.hotness_stat: No such file or directory
: No such file or directory
cat: /sys/fs/cgroup/htmm/memory.hotness_statcat: /sys/fs/cgroup/htmm/memory.hotness_stat: No such file or directory
: No such file or directory
cat: /sys/fs/cgroup/htmm/memory.hotness_statcat: /sys/fs/cgroup/htmm/memory.hotness_stat: No such file or directory
: No such file or directory
cat: /sys/fs/cgroup/htmm/memory.hotness_statcat: /sys/fs/cgroup/htmm/memory.hotness_stat: No such file or directory
: No such file or directory
cat: /sys/fs/cgroup/htmm/memory.hotness_statcat: /sys/fs/cgroup/htmm/memory.hotness_stat: No such file or directory
: No such file or directory
cat: /sys/fs/cgroup/htmm/memory.hotness_statcat: /sys/fs/cgroup/htmm/memory.hotness_stat: No such file or directory
: No such file or directory
cat: /sys/fs/cgroup/htmm/memory.hotness_statcat: /sys/fs/cgroup/htmm/memory.hotness_stat: No such file or directory
: No such file or directory
cat: /sys/fs/cgroup/htmm/memory.hotness_statcat: /sys/fs/cgroup/htmm/memory.hotness_stat: No such file or directory
: No such file or directory
cat: /sys/fs/cgroup/htmm/memory.hotness_statcat: /sys/fs/cgroup/htmm/memory.hotness_stat: No such file or directory
: No such file or directory
cat: /sys/fs/cgroup/htmm/memory.hotness_statcat: /sys/fs/cgroup/htmm/memory.hotness_stat: No such file or directory
: No such file or directory
cat: /sys/fs/cgroup/htmm/memory.hotness_statcat: /sys/fs/cgroup/htmm/memory.hotness_stat: No such file or directory
: No such file or directory
cat: /sys/fs/cgroup/htmm/memory.hotness_statcat: /sys/fs/cgroup/htmm/memory.hotness_stat: No such file or directory
: No such file or directory
cat: /sys/fs/cgroup/htmm/memory.hotness_statcat: /sys/fs/cgroup/htmm/memory.hotness_stat: No such file or directory
: No such file or directory
cat: /sys/fs/cgroup/htmm/memory.hotness_statcat: /sys/fs/cgroup/htmm/memory.hotness_stat: No such file or directory
: No such file or directory
cat: /sys/fs/cgroup/htmm/memory.hotness_statcat: /sys/fs/cgroup/htmm/memory.hotness_stat: No such file or directory
: No such file or directory
cat: /sys/fs/cgroup/htmm/memory.hotness_statcat: /sys/fs/cgroup/htmm/memory.hotness_stat: No such file or directory
: No such file or directory
cat: /sys/fs/cgroup/htmm/memory.hotness_statcat: /sys/fs/cgroup/htmm/memory.hotness_stat: No such file or directory
: No such file or directory
cat: /sys/fs/cgroup/htmm/memory.hotness_statcat: /sys/fs/cgroup/htmm/memory.hotness_stat: No such file or directory
: No such file or directory
cat: /sys/fs/cgroup/htmm/memory.hotness_statcat: /sys/fs/cgroup/htmm/memory.hotness_stat: No such file or directory
: No such file or directory
cat: /sys/fs/cgroup/htmm/memory.hotness_statcat: /sys/fs/cgroup/htmm/memory.hotness_stat: No such file or directory
: No such file or directory
cat: /sys/fs/cgroup/htmm/memory.hotness_statcat: /sys/fs/cgroup/htmm/memory.hotness_stat: No such file or directory
: No such file or directory
cat: /sys/fs/cgroup/htmm/memory.hotness_statcat: /sys/fs/cgroup/htmm/memory.hotness_stat: No such file or directory
: No such file or directory
cat: /sys/fs/cgroup/htmm/memory.hotness_statcat: /sys/fs/cgroup/htmm/memory.hotness_stat: No such file or directory
: No such file or directory
cat: /sys/fs/cgroup/htmm/memory.hotness_statcat: /sys/fs/cgroup/htmm/memory.hotness_stat: No such file or directory
: No such file or directory
cat: /sys/fs/cgroup/htmm/memory.hotness_statcat: /sys/fs/cgroup/htmm/memory.hotness_stat: No such file or directory
: No such file or directory
cat: /sys/fs/cgroup/htmm/memory.hotness_statcat: /sys/fs/cgroup/htmm/memory.hotness_stat: No such file or directory
: No such file or directory
cat: /sys/fs/cgroup/htmm/memory.hotness_statcat: /sys/fs/cgroup/htmm/memory.hotness_stat: No such file or directory
: No such file or directory
cat: /sys/fs/cgroup/htmm/memory.hotness_statcat: /sys/fs/cgroup/htmm/memory.hotness_stat: No such file or directory
: No such file or directory
cat: /sys/fs/cgroup/htmm/memory.hotness_statcat: /sys/fs/cgroup/htmm/memory.hotness_stat: No such file or directory
: No such file or directory
cat: /sys/fs/cgroup/htmm/memory.hotness_statcat: /sys/fs/cgroup/htmm/memory.hotness_stat: No such file or directory
: No such file or directory
cat: /sys/fs/cgroup/htmm/memory.hotness_statcat: /sys/fs/cgroup/htmm/memory.hotness_stat: No such file or directory
: No such file or directory
cat: /sys/fs/cgroup/htmm/memory.hotness_statcat: /sys/fs/cgroup/htmm/memory.hotness_stat: No such file or directory
: No such file or directory
cat: /sys/fs/cgroup/htmm/memory.hotness_statcat: /sys/fs/cgroup/htmm/memory.hotness_stat: No such file or directory
: No such file or directory
cat: /sys/fs/cgroup/htmm/memory.hotness_statcat: /sys/fs/cgroup/htmm/memory.hotness_stat: No such file or directory
: No such file or directory
cat: /sys/fs/cgroup/htmm/memory.hotness_statcat: /sys/fs/cgroup/htmm/memory.hotness_stat: No such file or directory
: No such file or directory
cat: /sys/fs/cgroup/htmm/memory.hotness_statcat: /sys/fs/cgroup/htmm/memory.hotness_stat: No such file or directory
: No such file or directory
cat: /sys/fs/cgroup/htmm/memory.hotness_statcat: /sys/fs/cgroup/htmm/memory.hotness_stat: No such file or directory
: No such file or directory
cat: /sys/fs/cgroup/htmm/memory.hotness_stat: No such file or directory
cat: /sys/fs/cgroup/htmm/memory.hotness_stat: No such file or directory
cat: /sys/fs/cgroup/htmm/memory.hotness_statcat: /sys/fs/cgroup/htmm/memory.hotness_stat: No such file or directory
: No such file or directory
cat: /sys/fs/cgroup/htmm/memory.hotness_statcat: /sys/fs/cgroup/htmm/memory.hotness_stat: No such file or directory
: No such file or directory
cat: /sys/fs/cgroup/htmm/memory.hotness_statcat: /sys/fs/cgroup/htmm/memory.hotness_stat: No such file or directory
: No such file or directory
cat: /sys/fs/cgroup/htmm/memory.hotness_statcat: /sys/fs/cgroup/htmm/memory.hotness_stat: No such file or directory
: No such file or directory
cat: /sys/fs/cgroup/htmm/memory.hotness_statcat: /sys/fs/cgroup/htmm/memory.hotness_stat: No such file or directory
: No such file or directory
cat: /sys/fs/cgroup/htmm/memory.hotness_statcat: /sys/fs/cgroup/htmm/memory.hotness_stat: No such file or directory
: No such file or directory
cat: /sys/fs/cgroup/htmm/memory.hotness_statcat: /sys/fs/cgroup/htmm/memory.hotness_stat: No such file or directory
: No such file or directory
cat: /sys/fs/cgroup/htmm/memory.hotness_statcat: /sys/fs/cgroup/htmm/memory.hotness_stat: No such file or directory
: No such file or directory
cat: /sys/fs/cgroup/htmm/memory.hotness_statcat: /sys/fs/cgroup/htmm/memory.hotness_stat: No such file or directory
: No such file or directory
cat: /sys/fs/cgroup/htmm/memory.hotness_statcat: /sys/fs/cgroup/htmm/memory.hotness_stat: No such file or directory
: No such file or directory
cat: /sys/fs/cgroup/htmm/memory.hotness_statcat: /sys/fs/cgroup/htmm/memory.hotness_stat: No such file or directory
: No such file or directory
cat: /sys/fs/cgroup/htmm/memory.hotness_statcat: /sys/fs/cgroup/htmm/memory.hotness_stat: No such file or directory
: No such file or directory
cat: /sys/fs/cgroup/htmm/memory.hotness_statcat: /sys/fs/cgroup/htmm/memory.hotness_stat: No such file or directory
: No such file or directory
cat: /sys/fs/cgroup/htmm/memory.hotness_statcat: /sys/fs/cgroup/htmm/memory.hotness_stat: No such file or directory
: No such file or directory
cat: /sys/fs/cgroup/htmm/memory.hotness_statcat: /sys/fs/cgroup/htmm/memory.hotness_stat: No such file or directory
: No such file or directory
cat: /sys/fs/cgroup/htmm/memory.hotness_statcat: /sys/fs/cgroup/htmm/memory.hotness_stat: No such file or directory
: No such file or directory
cat: /sys/fs/cgroup/htmm/memory.hotness_statcat: /sys/fs/cgroup/htmm/memory.hotness_stat: No such file or directory
: No such file or directory
cat: /sys/fs/cgroup/htmm/memory.hotness_statcat: /sys/fs/cgroup/htmm/memory.hotness_stat: No such file or directory
: No such file or directory
cat: /sys/fs/cgroup/htmm/memory.hotness_statcat: /sys/fs/cgroup/htmm/memory.hotness_stat: No such file or directory
: No such file or directory
cat: /sys/fs/cgroup/htmm/memory.hotness_statcat: /sys/fs/cgroup/htmm/memory.hotness_stat: No such file or directory
: No such file or directory
cat: /sys/fs/cgroup/htmm/memory.hotness_statcat: /sys/fs/cgroup/htmm/memory.hotness_stat: No such file or directory
: No such file or directory
cat: /sys/fs/cgroup/htmm/memory.hotness_statcat: /sys/fs/cgroup/htmm/memory.hotness_stat: No such file or directory
: No such file or directory
cat: /sys/fs/cgroup/htmm/memory.hotness_statcat: /sys/fs/cgroup/htmm/memory.hotness_stat: No such file or directory
: No such file or directory
cat: /sys/fs/cgroup/htmm/memory.hotness_statcat: /sys/fs/cgroup/htmm/memory.hotness_stat: No such file or directory
: No such file or directory
cat: /sys/fs/cgroup/htmm/memory.hotness_statcat: /sys/fs/cgroup/htmm/memory.hotness_stat: No such file or directory
: No such file or directory
cat: /sys/fs/cgroup/htmm/memory.hotness_statcat: /sys/fs/cgroup/htmm/memory.hotness_stat: No such file or directory
: No such file or directory
cat: /sys/fs/cgroup/htmm/memory.hotness_statcat: /sys/fs/cgroup/htmm/memory.hotness_stat: No such file or directory
: No such file or directory
cat: /sys/fs/cgroup/htmm/memory.hotness_statcat: /sys/fs/cgroup/htmm/memory.hotness_stat: No such file or directory
: No such file or directory
cat: /sys/fs/cgroup/htmm/memory.hotness_statcat: /sys/fs/cgroup/htmm/memory.hotness_stat: No such file or directory
: No such file or directory
cat: /sys/fs/cgroup/htmm/memory.hotness_statcat: /sys/fs/cgroup/htmm/memory.hotness_stat: No such file or directory
: No such file or directory
cat: /sys/fs/cgroup/htmm/memory.hotness_statcat: /sys/fs/cgroup/htmm/memory.hotness_stat: No such file or directory
: No such file or directory
cat: /sys/fs/cgroup/htmm/memory.hotness_statcat: /sys/fs/cgroup/htmm/memory.hotness_stat: No such file or directory
: No such file or directory
cat: /sys/fs/cgroup/htmm/memory.hotness_statcat: /sys/fs/cgroup/htmm/memory.hotness_stat: No such file or directory
: No such file or directory
cat: /sys/fs/cgroup/htmm/memory.hotness_statcat: /sys/fs/cgroup/htmm/memory.hotness_stat: No such file or directory
: No such file or directory
cat: /sys/fs/cgroup/htmm/memory.hotness_statcat: /sys/fs/cgroup/htmm/memory.hotness_stat: No such file or directory
: No such file or directory
cat: /sys/fs/cgroup/htmm/memory.hotness_statcat: /sys/fs/cgroup/htmm/memory.hotness_stat: No such file or directory
: No such file or directory
cat: /sys/fs/cgroup/htmm/memory.hotness_statcat: /sys/fs/cgroup/htmm/memory.hotness_stat: No such file or directory
: No such file or directory
cat: /sys/fs/cgroup/htmm/memory.hotness_statcat: /sys/fs/cgroup/htmm/memory.hotness_stat: No such file or directory
: No such file or directory
cat: /sys/fs/cgroup/htmm/memory.hotness_statcat: /sys/fs/cgroup/htmm/memory.hotness_stat: No such file or directory
: No such file or directory
cat: /sys/fs/cgroup/htmm/memory.hotness_statcat: /sys/fs/cgroup/htmm/memory.hotness_stat: No such file or directory
: No such file or directory
Trial Time:          1.62801
Trial Time:          1.42216
Trial Time:          1.42240
Trial Time:          1.42412
Trial Time:          1.42124
Trial Time:          1.42344
Trial Time:          1.42537
Trial Time:          1.42697
Trial Time:          1.42495
Trial Time:          1.42350
Trial Time:          1.42130
Trial Time:          1.41889
Trial Time:          1.41577
Trial Time:          1.41457
Trial Time:          1.42487
Trial Time:          1.41869
Trial Time:          1.42057
Trial Time:          1.41999
Trial Time:          1.42086
Trial Time:          1.41685
Trial Time:          1.42652
Trial Time:          1.42274
Trial Time:          1.42121
Trial Time:          1.42035
Trial Time:          1.42052
Trial Time:          1.42125
Trial Time:          1.42038
Trial Time:          1.42115
Trial Time:          1.41873
Trial Time:          1.42018
Trial Time:          1.42326
Trial Time:          1.41974
Trial Time:          1.42056
Trial Time:          1.42005
Trial Time:          1.42143
Trial Time:          1.42541
Trial Time:          1.42239
Trial Time:          1.42345
Trial Time:          1.42305
Trial Time:          1.42213
Trial Time:          1.42358
Trial Time:          1.42151
Trial Time:          1.42112
Trial Time:          1.42146
Trial Time:          1.42633
Trial Time:          1.42351
Trial Time:          1.42076
Trial Time:          1.41998
Trial Time:          1.42672
Trial Time:          1.42657
Trial Time:          1.42412
Trial Time:          1.42370
Trial Time:          1.42095
Trial Time:          1.42663
Trial Time:          1.42220
Trial Time:          1.42325
Trial Time:          1.42335
Trial Time:          1.42289
Trial Time:          1.42304
Trial Time:          1.42321
Trial Time:          1.42334
Trial Time:          1.42367
Trial Time:          1.42111
Trial Time:          1.42182
Trial Time:          1.42141
Trial Time:          1.42273
Trial Time:          1.42037
Trial Time:          1.42153
Trial Time:          1.42046
Trial Time:          1.42306
Trial Time:          1.42114
Trial Time:          1.42325
Trial Time:          1.42273
Trial Time:          1.42298
Trial Time:          1.42162
Trial Time:          1.42311
Trial Time:          1.42467
Trial Time:          1.42310
Trial Time:          1.42507
Trial Time:          1.42415
Trial Time:          1.42501
Trial Time:          1.42502
Trial Time:          1.42550
Trial Time:          1.42382
Trial Time:          1.42106
Trial Time:          1.42663
Trial Time:          1.42801
Trial Time:          1.42315
Trial Time:          1.42344
Trial Time:          1.42969
Trial Time:          1.42452
Trial Time:          1.42535
Trial Time:          1.42406
Trial Time:          1.42353
Trial Time:          1.42271
Trial Time:          1.42316
Trial Time:          1.42771
Trial Time:          1.42521
Trial Time:          1.42597
Trial Time:          1.42506
Trial Time:          1.42259
Trial Time:          1.42518
Trial Time:          1.42833
Trial Time:          1.42985
Trial Time:          1.42316
Trial Time:          1.42447
Trial Time:          1.42394
Trial Time:          1.42398
Trial Time:          1.42425
Trial Time:          1.42387
Trial Time:          1.42315
Trial Time:          1.42402
Trial Time:          1.42610
Trial Time:          1.42582
Trial Time:          1.42565
Trial Time:          1.42534
Trial Time:          1.42383
Trial Time:          1.42530
Trial Time:          1.42375
Trial Time:          1.42683
Trial Time:          1.42691
Trial Time:          1.42669
Trial Time:          1.42460
Trial Time:          1.42598
Trial Time:          1.42400
Trial Time:          1.42465
Trial Time:          1.42480
Trial Time:          1.42399
Trial Time:          1.42439
Trial Time:          1.42615
Trial Time:          1.42698
Trial Time:          1.42434
Trial Time:          1.42481
Trial Time:          1.42527
Trial Time:          1.42386
Trial Time:          1.42421
Trial Time:          1.42524
Trial Time:          1.42769
Trial Time:          1.42538
Trial Time:          1.42594
Trial Time:          1.42939
Trial TTrial Time:          1.62801
Trial Time:          1.42216
Trial Time:          1.42240
Trial Time:          1.42412
Trial Time:          1.42124
Trial Time:          1.42344
Trial Time:          1.42537
Trial Time:          1.42697
Trial Time:          1.42495
Trial Time:          1.42350
Trial Time:          1.42130
Trial Time:          1.41889
Trial Time:          1.41577
Trial Time:          1.41457
Trial Time:          1.42487
Trial Time:          1.41869
Trial Time:          1.42057
Trial Time:          1.41999
Trial Time:          1.42086
Trial Time:          1.41685
Trial Time:          1.42652
Trial Time:          1.42274
Trial Time:          1.42121
Trial Time:          1.42035
Trial Time:          1.42052
Trial Time:          1.42125
Trial Time:          1.42038
Trial Time:          1.42115
Trial Time:          1.41873
Trial Time:          1.42018
Trial Time:          1.42326
Trial Time:          1.41974
Trial Time:          1.42056
Trial Time:          1.42005
Trial Time:          1.42143
Trial Time:          1.42541
Trial Time:          1.42239
Trial Time:          1.42345
Trial Time:          1.42305
Trial Time:          1.42213
Trial Time:          1.42358
Trial Time:          1.42151
Trial Time:          1.42112
Trial Time:          1.42146
Trial Time:          1.42633
Trial Time:          1.42351
Trial Time:          1.42076
Trial Time:          1.41998
Trial Time:          1.42672
Trial Time:          1.42657
Trial Time:          1.42412
Trial Time:          1.42370
Trial Time:          1.42095
Trial Time:          1.42663
Trial Time:          1.42220
Trial Time:          1.42325
Trial Time:          1.42335
Trial Time:          1.42289
Trial Time:          1.42304
Trial Time:          1.42321
Trial Time:          1.42334
Trial Time:          1.42367
Trial Time:          1.42111
Trial Time:          1.42182
Trial Time:          1.42141
Trial Time:          1.42273
Trial Time:          1.42037
Trial Time:          1.42153
Trial Time:          1.42046
Trial Time:          1.42306
Trial Time:          1.42114
Trial Time:          1.42325
Trial Time:          1.42273
Trial Time:          1.42298
Trial Time:          1.42162
Trial Time:          1.42311
Trial Time:          1.42467
Trial Time:          1.42310
Trial Time:          1.42507
Trial Time:          1.42415
Trial Time:          1.42501
Trial Time:          1.42502
Trial Time:          1.42550
Trial Time:          1.42382
Trial Time:          1.42106
Trial Time:          1.42663
Trial Time:          1.42801
Trial Time:          1.42315
Trial Time:          1.42344
Trial Time:          1.42969
Trial Time:          1.42452
Trial Time:          1.42535
Trial Time:          1.42406
Trial Time:          1.42353
Trial Time:          1.42271
Trial Time:          1.42316
Trial Time:          1.42771
Trial Time:          1.42521
Trial Time:          1.42597
Trial Time:          1.42506
Trial Time:          1.42259
Trial Time:          1.42518
Trial Time:          1.42833
Trial Time:          1.42985
Trial Time:          1.42316
Trial Time:          1.42447
Trial Time:          1.42394
Trial Time:          1.42398
Trial Time:          1.42425
Trial Time:          1.42387
Trial Time:          1.42315
Trial Time:          1.42402
Trial Time:          1.42610
Trial Time:          1.42582
Trial Time:          1.42565
Trial Time:          1.42534
Trial Time:          1.42383
Trial Time:          1.42530
Trial Time:          1.42375
Trial Time:          1.42683
Trial Time:          1.42691
Trial Time:          1.42669
Trial Time:          1.42460
Trial Time:          1.42598
Trial Time:          1.42400
Trial Time:          1.42465
Trial Time:          1.42480
Trial Time:          1.42399
Trial Time:          1.42439
Trial Time:          1.42615
Trial Time:          1.42698
Trial Time:          1.42434
Trial Time:          1.42481
Trial Time:          1.42527
Trial Time:          1.42386
Trial Time:          1.42421
Trial Time:          1.42524
Trial Time:          1.42769
Trial Time:          1.42538
Trial Time:          1.42594
Trial Time:          1.42939
Trial Tcat: /sys/fs/cgroup/htmm/memory.hotness_statcat: /sys/fs/cgroup/htmm/memory.hotness_stat: No such file or directory
: No such file or directory
cat: /sys/fs/cgroup/htmm/memory.hotness_statcat: /sys/fs/cgroup/htmm/memory.hotness_stat: No such file or directory
: No such file or directory
cat: /sys/fs/cgroup/htmm/memory.hotness_statcat: /sys/fs/cgroup/htmm/memory.hotness_stat: No such file or directory
: No such file or directory
cat: /sys/fs/cgroup/htmm/memory.hotness_statcat: /sys/fs/cgroup/htmm/memory.hotness_stat: No such file or directory
: No such file or directory
cat: /sys/fs/cgroup/htmm/memory.hotness_statcat: /sys/fs/cgroup/htmm/memory.hotness_stat: No such file or directory
: No such file or directory
cat: /sys/fs/cgroup/htmm/memory.hotness_statcat: /sys/fs/cgroup/htmm/memory.hotness_stat: No such file or directory
: No such file or directory
cat: /sys/fs/cgroup/htmm/memory.hotness_statcat: /sys/fs/cgroup/htmm/memory.hotness_stat: No such file or directory
: No such file or directory
cat: /sys/fs/cgroup/htmm/memory.hotness_statcat: /sys/fs/cgroup/htmm/memory.hotness_stat: No such file or directory
: No such file or directory
cat: /sys/fs/cgroup/htmm/memory.hotness_statcat: /sys/fs/cgroup/htmm/memory.hotness_stat: No such file or directory
: No such file or directory
cat: /sys/fs/cgroup/htmm/memory.hotness_statcat: /sys/fs/cgroup/htmm/memory.hotness_stat: No such file or directory
: No such file or directory
cat: /sys/fs/cgroup/htmm/memory.hotness_statcat: /sys/fs/cgroup/htmm/memory.hotness_stat: No such file or directory
: No such file or directory
cat: /sys/fs/cgroup/htmm/memory.hotness_statcat: /sys/fs/cgroup/htmm/memory.hotness_stat: No such file or directory
: No such file or directory
cat: /sys/fs/cgroup/htmm/memory.hotness_statcat: /sys/fs/cgroup/htmm/memory.hotness_stat: No such file or directory
: No such file or directory
cat: /sys/fs/cgroup/htmm/memory.hotness_statcat: /sys/fs/cgroup/htmm/memory.hotness_stat: No such file or directory
: No such file or directory
cat: /sys/fs/cgroup/htmm/memory.hotness_statcat: /sys/fs/cgroup/htmm/memory.hotness_stat: No such file or directory
: No such file or directory
cat: /sys/fs/cgroup/htmm/memory.hotness_statcat: /sys/fs/cgroup/htmm/memory.hotness_stat: No such file or directory
: No such file or directory
cat: /sys/fs/cgroup/htmm/memory.hotness_statcat: /sys/fs/cgroup/htmm/memory.hotness_stat: No such file or directory
: No such file or directory
cat: /sys/fs/cgroup/htmm/memory.hotness_statcat: /sys/fs/cgroup/htmm/memory.hotness_stat: No such file or directory
: No such file or directory
cat: /sys/fs/cgroup/htmm/memory.hotness_statcat: /sys/fs/cgroup/htmm/memory.hotness_stat: No such file or directory
: No such file or directory
cat: /sys/fs/cgroup/htmm/memory.hotness_statcat: /sys/fs/cgroup/htmm/memory.hotness_stat: No such file or directory
: No such file or directory
cat: /sys/fs/cgroup/htmm/memory.hotness_statcat: /sys/fs/cgroup/htmm/memory.hotness_stat: No such file or directory
: No such file or directory
cat: /sys/fs/cgroup/htmm/memory.hotness_statcat: /sys/fs/cgroup/htmm/memory.hotness_stat: No such file or directory
: No such file or directory
cat: /sys/fs/cgroup/htmm/memory.hotness_statcat: /sys/fs/cgroup/htmm/memory.hotness_stat: No such file or directory
: No such file or directory
cat: /sys/fs/cgroup/htmm/memory.hotness_statcat: /sys/fs/cgroup/htmm/memory.hotness_stat: No such file or directory
: No such file or directory
cat: /sys/fs/cgroup/htmm/memory.hotness_statcat: /sys/fs/cgroup/htmm/memory.hotness_stat: No such file or directory
: No such file or directory
cat: /sys/fs/cgroup/htmm/memory.hotness_statcat: /sys/fs/cgroup/htmm/memory.hotness_stat: No such file or directory
: No such file or directory
cat: /sys/fs/cgroup/htmm/memory.hotness_statcat: /sys/fs/cgroup/htmm/memory.hotness_stat: No such file or directory
: No such file or directory
cat: /sys/fs/cgroup/htmm/memory.hotness_statcat: /sys/fs/cgroup/htmm/memory.hotness_stat: No such file or directory
: No such file or directory
cat: /sys/fs/cgroup/htmm/memory.hotness_statcat: /sys/fs/cgroup/htmm/memory.hotness_stat: No such file or directory
: No such file or directory
cat: /sys/fs/cgroup/htmm/memory.hotness_statcat: /sys/fs/cgroup/htmm/memory.hotness_stat: No such file or directory
: No such file or directory
cat: /sys/fs/cgroup/htmm/memory.hotness_statcat: /sys/fs/cgroup/htmm/memory.hotness_stat: No such file or directory
: No such file or directory
cat: /sys/fs/cgroup/htmm/memory.hotness_statcat: /sys/fs/cgroup/htmm/memory.hotness_stat: No such file or directory
: No such file or directory
cat: /sys/fs/cgroup/htmm/memory.hotness_statcat: /sys/fs/cgroup/htmm/memory.hotness_stat: No such file or directory
: No such file or directory
cat: /sys/fs/cgroup/htmm/memory.hotness_statcat: /sys/fs/cgroup/htmm/memory.hotness_stat: No such file or directory
: No such file or directory
cat: /sys/fs/cgroup/htmm/memory.hotness_statcat: /sys/fs/cgroup/htmm/memory.hotness_stat: No such file or directory
: No such file or directory
cat: /sys/fs/cgroup/htmm/memory.hotness_statcat: /sys/fs/cgroup/htmm/memory.hotness_stat: No such file or directory
: No such file or directory
cat: /sys/fs/cgroup/htmm/memory.hotness_statcat: /sys/fs/cgroup/htmm/memory.hotness_stat: No such file or directory
: No such file or directory
cat: /sys/fs/cgroup/htmm/memory.hotness_statcat: /sys/fs/cgroup/htmm/memory.hotness_stat: No such file or directory
: No such file or directory
cat: /sys/fs/cgroup/htmm/memory.hotness_statcat: /sys/fs/cgroup/htmm/memory.hotness_stat: No such file or directory
: No such file or directory
cat: /sys/fs/cgroup/htmm/memory.hotness_statcat: /sys/fs/cgroup/htmm/memory.hotness_stat: No such file or directory
: No such file or directory
cat: /sys/fs/cgroup/htmm/memory.hotness_statcat: /sys/fs/cgroup/htmm/memory.hotness_stat: No such file or directory
: No such file or directory
cat: /sys/fs/cgroup/htmm/memory.hotness_statcat: /sys/fs/cgroup/htmm/memory.hotness_stat: No such file or directory
: No such file or directory
cat: /sys/fs/cgroup/htmm/memory.hotness_statcat: /sys/fs/cgroup/htmm/memory.hotness_stat: No such file or directory
: No such file or directory
cat: /sys/fs/cgroup/htmm/memory.hotness_statcat: /sys/fs/cgroup/htmm/memory.hotness_stat: No such file or directory
: No such file or directory
cat: /sys/fs/cgroup/htmm/memory.hotness_statcat: /sys/fs/cgroup/htmm/memory.hotness_stat: No such file or directory
: No such file or directory
cat: /sys/fs/cgroup/htmm/memory.hotness_statcat: /sys/fs/cgroup/htmm/memory.hotness_stat: No such file or directory
: No such file or directory
cat: /sys/fs/cgroup/htmm/memory.hotness_statcat: /sys/fs/cgroup/htmm/memory.hotness_stat: No such file or directory
: No such file or directory
cat: /sys/fs/cgroup/htmm/memory.hotness_statcat: /sys/fs/cgroup/htmm/memory.hotness_stat: No such file or directory
: No such file or directory
cat: /sys/fs/cgroup/htmm/memory.hotness_statcat: /sys/fs/cgroup/htmm/memory.hotness_stat: No such file or directory
: No such file or directory
cat: /sys/fs/cgroup/htmm/memory.hotness_statcat: /sys/fs/cgroup/htmm/memory.hotness_stat: No such file or directory
: No such file or directory
cat: /sys/fs/cgroup/htmm/memory.hotness_statcat: /sys/fs/cgroup/htmm/memory.hotness_stat: No such file or directory
: No such file or directory
cat: /sys/fs/cgroup/htmm/memory.hotness_statcat: /sys/fs/cgroup/htmm/memory.hotness_stat: No such file or directory
: No such file or directory
cat: /sys/fs/cgroup/htmm/memory.hotness_statcat: /sys/fs/cgroup/htmm/memory.hotness_stat: No such file or directory
: No such file or directory
cat: /sys/fs/cgroup/htmm/memory.hotness_statcat: /sys/fs/cgroup/htmm/memory.hotness_stat: No such file or directory
: No such file or directory
cat: /sys/fs/cgroup/htmm/memory.hotness_statcat: /sys/fs/cgroup/htmm/memory.hotness_stat: No such file or directory
: No such file or directory
cat: /sys/fs/cgroup/htmm/memory.hotness_statcat: /sys/fs/cgroup/htmm/memory.hotness_stat: No such file or directory
: No such file or directory
cat: /sys/fs/cgroup/htmm/memory.hotness_statcat: /sys/fs/cgroup/htmm/memory.hotness_stat: No such file or directory
: No such file or directory
cat: /sys/fs/cgroup/htmm/memory.hotness_statcat: /sys/fs/cgroup/htmm/memory.hotness_stat: No such file or directory
: No such file or directory
cat: /sys/fs/cgroup/htmm/memory.hotness_statcat: /sys/fs/cgroup/htmm/memory.hotness_stat: No such file or directory
: No such file or directory
cat: /sys/fs/cgroup/htmm/memory.hotness_statcat: /sys/fs/cgroup/htmm/memory.hotness_stat: No such file or directory
: No such file or directory
cat: /sys/fs/cgroup/htmm/memory.hotness_statcat: /sys/fs/cgroup/htmm/memory.hotness_stat: No such file or directory
: No such file or directory
cat: /sys/fs/cgroup/htmm/memory.hotness_statcat: /sys/fs/cgroup/htmm/memory.hotness_stat: No such file or directory
: No such file or directory
cat: /sys/fs/cgroup/htmm/memory.hotness_statcat: /sys/fs/cgroup/htmm/memory.hotness_stat: No such file or directory
: No such file or directory
cat: /sys/fs/cgroup/htmm/memory.hotness_statcat: /sys/fs/cgroup/htmm/memory.hotness_stat: No such file or directory
: No such file or directory
cat: /sys/fs/cgroup/htmm/memory.hotness_statcat: /sys/fs/cgroup/htmm/memory.hotness_stat: No such file or directory
: No such file or directory
cat: /sys/fs/cgroup/htmm/memory.hotness_statcat: /sys/fs/cgroup/htmm/memory.hotness_stat: No such file or directory
: No such file or directory
cat: /sys/fs/cgroup/htmm/memory.hotness_statcat: /sys/fs/cgroup/htmm/memory.hotness_stat: No such file or directory
: No such file or directory
cat: /sys/fs/cgroup/htmm/memory.hotness_statcat: /sys/fs/cgroup/htmm/memory.hotness_stat: No such file or directory
: No such file or directory
cat: /sys/fs/cgroup/htmm/memory.hotness_statcat: /sys/fs/cgroup/htmm/memory.hotness_stat: No such file or directory
: No such file or directory
cat: /sys/fs/cgroup/htmm/memory.hotness_statcat: /sys/fs/cgroup/htmm/memory.hotness_stat: No such file or directory
: No such file or directory
cat: /sys/fs/cgroup/htmm/memory.hotness_statcat: /sys/fs/cgroup/htmm/memory.hotness_stat: No such file or directory
: No such file or directory
cat: /sys/fs/cgroup/htmm/memory.hotness_statcat: /sys/fs/cgroup/htmm/memory.hotness_stat: No such file or directory
: No such file or directory
cat: /sys/fs/cgroup/htmm/memory.hotness_statcat: /sys/fs/cgroup/htmm/memory.hotness_stat: No such file or directory
: No such file or directory
cat: /sys/fs/cgroup/htmm/memory.hotness_statcat: /sys/fs/cgroup/htmm/memory.hotness_stat: No such file or directory
: No such file or directory
cat: /sys/fs/cgroup/htmm/memory.hotness_statcat: /sys/fs/cgroup/htmm/memory.hotness_stat: No such file or directory
: No such file or directory
cat: /sys/fs/cgroup/htmm/memory.hotness_statcat: /sys/fs/cgroup/htmm/memory.hotness_stat: No such file or directory
: No such file or directory
cat: /sys/fs/cgroup/htmm/memory.hotness_statcat: /sys/fs/cgroup/htmm/memory.hotness_stat: No such file or directory
: No such file or directory
cat: /sys/fs/cgroup/htmm/memory.hotness_statcat: /sys/fs/cgroup/htmm/memory.hotness_stat: No such file or directory
: No such file or directory
cat: /sys/fs/cgroup/htmm/memory.hotness_statcat: /sys/fs/cgroup/htmm/memory.hotness_stat: No such file or directory
: No such file or directory
cat: /sys/fs/cgroup/htmm/memory.hotness_statcat: /sys/fs/cgroup/htmm/memory.hotness_stat: No such file or directory
: No such file or directory
cat: /sys/fs/cgroup/htmm/memory.hotness_statcat: /sys/fs/cgroup/htmm/memory.hotness_stat: No such file or directory
: No such file or directory
cat: /sys/fs/cgroup/htmm/memory.hotness_statcat: /sys/fs/cgroup/htmm/memory.hotness_stat: No such file or directory
: No such file or directory
ime:          1.42919
Trial Time:          1.42589
Trial Time:          1.42637
Trial Time:          1.42734
Trial Time:          1.42683
Trial Time:          1.42941
Trial Time:          1.42860
Trial Time:          1.42635
Trial Time:          1.42700
Trial Time:          1.43244
Trial Time:          1.42999
Trial Time:          1.42648
Trial Time:          1.42927
Trial Time:          1.42777
Trial Time:          1.42956
Trial Time:          1.43018
Trial Time:          1.43022
Trial Time:          1.42889
Trial Time:          1.43273
Trial Time:          1.42566
Trial Time:          1.42788
Trial Time:          1.43006
Trial Time:          1.43170
Trial Time:          1.44929
Trial Time:          1.42951
Trial Time:          1.42765
Trial Time:          1.42931
Trial Time:          1.43176
Trial Time:          1.43347
Trial Time:          1.42950
Trial Time:          1.43105
Trial Time:          1.43285
Trial Time:          1.44957
Trial Time:          1.43245
Trial Time:          1.43542
Trial Time:          1.42992
Trial Time:          1.43276
Trial Time:          1.42956
Trial Time:          1.42878
Trial Time:          1.43057
Trial Time:          1.42860
Trial Time:          1.43170
Trial Time:          1.43017
Trial Time:          1.44305
Trial Time:          1.43350
Trial Time:          1.43289
Trial Time:          1.43056
Trial Time:          1.43108
Trial Time:          1.43262
Trial Time:          1.42929
Trial Time:          1.43668
Trial Time:          1.43854
Trial Time:          1.43327
Trial Time:          1.43486
Trial Time:          1.42928
Trial Time:          1.42978
Trial Time:          1.43210
Trial Time:          1.43674
Trial Time:          1.43217
Average Time:        1.42684
ime:          1.42919
Trial Time:          1.42589
Trial Time:          1.42637
Trial Time:          1.42734
Trial Time:          1.42683
Trial Time:          1.42941
Trial Time:          1.42860
Trial Time:          1.42635
Trial Time:          1.42700
Trial Time:          1.43244
Trial Time:          1.42999
Trial Time:          1.42648
Trial Time:          1.42927
Trial Time:          1.42777
Trial Time:          1.42956
Trial Time:          1.43018
Trial Time:          1.43022
Trial Time:          1.42889
Trial Time:          1.43273
Trial Time:          1.42566
Trial Time:          1.42788
Trial Time:          1.43006
Trial Time:          1.43170
Trial Time:          1.44929
Trial Time:          1.42951
Trial Time:          1.42765
Trial Time:          1.42931
Trial Time:          1.43176
Trial Time:          1.43347
Trial Time:          1.42950
Trial Time:          1.43105
Trial Time:          1.43285
Trial Time:          1.44957
Trial Time:          1.43245
Trial Time:          1.43542
Trial Time:          1.42992
Trial Time:          1.43276
Trial Time:          1.42956
Trial Time:          1.42878
Trial Time:          1.43057
Trial Time:          1.42860
Trial Time:          1.43170
Trial Time:          1.43017
Trial Time:          1.44305
Trial Time:          1.43350
Trial Time:          1.43289
Trial Time:          1.43056
Trial Time:          1.43108
Trial Time:          1.43262
Trial Time:          1.42929
Trial Time:          1.43668
Trial Time:          1.43854
Trial Time:          1.43327
Trial Time:          1.43486
Trial Time:          1.42928
Trial Time:          1.42978
Trial Time:          1.43210
Trial Time:          1.43674
Trial Time:          1.43217
Average Time:        1.42684
pid: 2738
pid: 2738
executioexecution time n time 291.60 (s)
291.60 (s)
/mnt/sas_ssd/lyh/memtis-Nomad/adaptive-userspace/scripts/run_bench.sh: line 102:  2732 Killed                  ${DIR}/scripts/memory_stat.sh ${LOG_DIR}
/mnt/sas_ssd/lyh/memtis-Nomad/adaptive-userspace/scripts/run_bench.sh: line 102:  2732 Killed                  ${DIR}/scripts/memory_stat.sh ${LOG_DIR}
+memory
+memory
+cpuset
+cpuset
2613
2613
tee: /sys/fs/cgroup/htmm/memory.htmm_enabledtee: /sys/fs/cgroup/htmm/memory.htmm_enabled: Permission denied
disabled
: Permission denied
disabled
[2026-03-26 15:48:04] [resume] Resuming from state: adaptive:gapbs-pr:1:2
[2026-03-26 15:48:04] [resume] Resuming from state: adaptive:gapbs-pr:1:2
[2026-03-26 15:48:14] optimize_compare start, state=adaptive:gapbs-pr:1:2
[2026-03-26 15:48:14] optimize_compare start, state=adaptive:gapbs-pr:1:2
[2026-03-26 15:48:14] Kernel: 5.15.19-htmm-adaptive (expect: adaptive)
[2026-03-26 15:48:14] Kernel: 5.15.19-htmm-adaptive (expect: adaptive)
[2026-03-26 15:48:14] ==========================================
[2026-03-26 15:48:14] ==========================================
[2026-03-26 15:48:14] RUN: adaptive / gapbs-pr / 1:2
[2026-03-26 15:48:14] RUN: adaptive / gapbs-pr / 1:2
[2026-03-26 15:48:14] ==========================================
[2026-03-26 15:48:14] ==========================================
Preparing benchmark start...
Preparing benchmark start...
kernel.perf_event_max_sample_rate = 100000
kernel.perf_event_max_sample_rate = 100000
kernel.perf_cpu_time_max_percent = 25
kernel.perf_cpu_time_max_percent = 25
199
199
100007
100007
3
3
2
2
100000
100000
2000000
2000000
2
2
500
500
500
500
4
4
30
30
1
1
0
0
disabled
disabled
never
never
never
never
-----------------------
NVM RATIO: 1:2
202603261548
-----------------------
-----------------------
NVM RATIO: 1:2
202603261548
-----------------------
rmdir: failed to remove '/sys/fs/cgroup/htmm'rmdir: failed to remove '/sys/fs/cgroup/htmm': No such file or directory
: No such file or directory
+memory
+memory
+cpuset
+cpuset
2371
2371
enabled
enabled
1887436800
1887436800
[HTMM_DIAG] memory.max_at_node0 = 1887436800 bytes (1800 MB)
[HTMM_DIAG] memory.max_at_node0 = 1887436800 bytes (1800 MB)
[HTMM_DIAG] memory.htmm_enabled = [enabled] disabled
[HTMM_DIAG] memory.htmm_enabled = [enabled] disabled
[HTMM_DIAG] cgroup.procs size = 3
[HTMM_DIAG] cgroup.procs size = 3
               total        used        free      shared  buff/cache   available
Mem:        90185588     2092260    87888660        5564      204668    87351796
Swap:        8388604           0     8388604
               total        used        free      shared  buff/cache   available
Mem:        90185588     2092260    87888660        5564      204668    87351796
Swap:        8388604           0     8388604
Read Time:           4.42634
Graph has 33554432 nodes and 523609147 undirected edges for degree: 15
Read Time:           4.42634
Graph has 33554432 nodes and 523609147 undirected edges for degree: 15
Trial Time:          1.79481
Trial Time:          1.56791
Trial Time:          1.55933
Trial Time:          1.55040
Trial Time:          1.54402
Trial Time:          1.55144
Trial Time:          1.54908
Trial Time:          1.54214
Trial Time:          1.54651
Trial Time:          1.54463
Trial Time:          1.54404
Trial Time:          1.54437
Trial Time:          1.54910
Trial Time:          1.55011
Trial Time:          1.55004
Trial Time:          1.54425
Trial Time:          1.54759
Trial Time:          1.53929
Trial Time:          1.53416
Trial Time:          1.53396
Trial Time:          1.53520
Trial Time:          1.54425
Trial Time:          1.53072
Trial Time:          1.53048
Trial Time:          1.52582
Trial Time:          1.54526
Trial Time:          1.53937
Trial Time:          1.53191
Trial Time:          1.54577
Trial Time:          1.54189
Trial Time:          1.53633
Trial Time:          1.53413
Trial Time:          1.53934
Trial Time:          1.53594
Trial Time:          1.53621
Trial Time:          1.53484
Trial Time:          1.54608
Trial Time:          1.53913
Trial Time:          1.54496
Trial Time:          1.54220
Trial Time:          1.54059
Trial Time:          1.53333
Trial Time:          1.54710
Trial Time:          1.55088
Trial Time:          1.54530
Trial Time:          1.53949
Trial Time:          1.55317
Trial Time:          1.56728
Trial Time:          1.54438
Trial Time:          1.53856
Trial Time:          1.53920
Trial Time:          1.55490
Trial Time:          1.53267
Trial Time:          1.54471
Trial Time:          1.52679
Trial Time:          1.54483
Trial Time:          1.54050
Trial Time:          1.53877
Trial Time:          1.54445
Trial Time:          1.54546
Trial Time:          1.56072
Trial Time:          1.56207
Trial Time:          1.53627
Trial Time:          1.52568
Trial Time:          1.54839
Trial Time:          1.54246
Trial Time:          1.52857
Trial Time:          1.52968
Trial Time:          1.53645
Trial Time:          1.53570
Trial Time:          1.54326
Trial Time:          1.54229
Trial Time:          1.54599
Trial Time:          1.54107
Trial Time:          1.54167
Trial Time:          1.54595
Trial Time:          1.54261
Trial Time:          1.54886
Trial Time:          1.55422
Trial Time:          1.55590
Trial Time:          1.53998
Trial Time:          1.55215
Trial Time:          1.55626
Trial Time:          1.54440
Trial Time:          1.54970
Trial Time:          1.53510
Trial Time:          1.53691
Trial Time:          1.53385
Trial Time:          1.54400
Trial Time:          1.53925
Trial Time:          1.54390
Trial Time:          1.55219
Trial Time:          1.54155
Trial Time:          1.53655
Trial Time:          1.54190
Trial Time:          1.55333
Trial Time:          1.53351
Trial Time:          1.54768
Trial Time:          1.55517
Trial Time:          1.53668
Trial Time:          1.54728
Trial Time:          1.54726
Trial Time:          1.54409
Trial Time:          1.54830
Trial Time:          1.54600
Trial Time:          1.54415
Trial Time:          1.54661
Trial Time:          1.53801
Trial Time:          1.54335
Trial Time:          1.54918
Trial Time:          1.54644
Trial Time:          1.54612
Trial Time:          1.54337
Trial Time:          1.54618
Trial Time:          1.55346
Trial Time:          1.54614
Trial Time:          1.54797
Trial Time:          1.54234
Trial Time:          1.55003
Trial Time:          1.55037
Trial Time:          1.54711
Trial Time:          1.54616
Trial Time:          1.54067
Trial Time:          1.54348
Trial Time:          1.54623
Trial Time:          1.54725
Trial Time:          1.56043
Trial Time:          1.55158
Trial Time:          1.55221
Trial Time:          1.54605
Trial Time:          1.54896
Trial Time:          1.54729
Trial Time:          1.55391
Trial Time:          1.55614
Trial Time:          1.54708
Trial Time:          1.55297
Trial Time:          1.54687
Trial Time:          1.55369
Trial Time:          1.55285
Trial Time:          1.54838
Trial Time:          1.54758
Trial TTrial Time:          1.79481
Trial Time:          1.56791
Trial Time:          1.55933
Trial Time:          1.55040
Trial Time:          1.54402
Trial Time:          1.55144
Trial Time:          1.54908
Trial Time:          1.54214
Trial Time:          1.54651
Trial Time:          1.54463
Trial Time:          1.54404
Trial Time:          1.54437
Trial Time:          1.54910
Trial Time:          1.55011
Trial Time:          1.55004
Trial Time:          1.54425
Trial Time:          1.54759
Trial Time:          1.53929
Trial Time:          1.53416
Trial Time:          1.53396
Trial Time:          1.53520
Trial Time:          1.54425
Trial Time:          1.53072
Trial Time:          1.53048
Trial Time:          1.52582
Trial Time:          1.54526
Trial Time:          1.53937
Trial Time:          1.53191
Trial Time:          1.54577
Trial Time:          1.54189
Trial Time:          1.53633
Trial Time:          1.53413
Trial Time:          1.53934
Trial Time:          1.53594
Trial Time:          1.53621
Trial Time:          1.53484
Trial Time:          1.54608
Trial Time:          1.53913
Trial Time:          1.54496
Trial Time:          1.54220
Trial Time:          1.54059
Trial Time:          1.53333
Trial Time:          1.54710
Trial Time:          1.55088
Trial Time:          1.54530
Trial Time:          1.53949
Trial Time:          1.55317
Trial Time:          1.56728
Trial Time:          1.54438
Trial Time:          1.53856
Trial Time:          1.53920
Trial Time:          1.55490
Trial Time:          1.53267
Trial Time:          1.54471
Trial Time:          1.52679
Trial Time:          1.54483
Trial Time:          1.54050
Trial Time:          1.53877
Trial Time:          1.54445
Trial Time:          1.54546
Trial Time:          1.56072
Trial Time:          1.56207
Trial Time:          1.53627
Trial Time:          1.52568
Trial Time:          1.54839
Trial Time:          1.54246
Trial Time:          1.52857
Trial Time:          1.52968
Trial Time:          1.53645
Trial Time:          1.53570
Trial Time:          1.54326
Trial Time:          1.54229
Trial Time:          1.54599
Trial Time:          1.54107
Trial Time:          1.54167
Trial Time:          1.54595
Trial Time:          1.54261
Trial Time:          1.54886
Trial Time:          1.55422
Trial Time:          1.55590
Trial Time:          1.53998
Trial Time:          1.55215
Trial Time:          1.55626
Trial Time:          1.54440
Trial Time:          1.54970
Trial Time:          1.53510
Trial Time:          1.53691
Trial Time:          1.53385
Trial Time:          1.54400
Trial Time:          1.53925
Trial Time:          1.54390
Trial Time:          1.55219
Trial Time:          1.54155
Trial Time:          1.53655
Trial Time:          1.54190
Trial Time:          1.55333
Trial Time:          1.53351
Trial Time:          1.54768
Trial Time:          1.55517
Trial Time:          1.53668
Trial Time:          1.54728
Trial Time:          1.54726
Trial Time:          1.54409
Trial Time:          1.54830
Trial Time:          1.54600
Trial Time:          1.54415
Trial Time:          1.54661
Trial Time:          1.53801
Trial Time:          1.54335
Trial Time:          1.54918
Trial Time:          1.54644
Trial Time:          1.54612
Trial Time:          1.54337
Trial Time:          1.54618
Trial Time:          1.55346
Trial Time:          1.54614
Trial Time:          1.54797
Trial Time:          1.54234
Trial Time:          1.55003
Trial Time:          1.55037
Trial Time:          1.54711
Trial Time:          1.54616
Trial Time:          1.54067
Trial Time:          1.54348
Trial Time:          1.54623
Trial Time:          1.54725
Trial Time:          1.56043
Trial Time:          1.55158
Trial Time:          1.55221
Trial Time:          1.54605
Trial Time:          1.54896
Trial Time:          1.54729
Trial Time:          1.55391
Trial Time:          1.55614
Trial Time:          1.54708
Trial Time:          1.55297
Trial Time:          1.54687
Trial Time:          1.55369
Trial Time:          1.55285
Trial Time:          1.54838
Trial Time:          1.54758
Trial Time:          1.54802
Trial Time:          1.55670
Trial Time:          1.55096
Trial Time:          1.54957
Trial Time:          1.54992
Trial Time:          1.54716
Trial Time:          1.54936
Trial Time:          1.55986
Trial Time:          1.54498
Trial Time:          1.55097
Trial Time:          1.55903
Trial Time:          1.55331
Trial Time:          1.54580
Trial Time:          1.54653
Trial Time:          1.55352
Trial Time:          1.54460
Trial Time:          1.54766
Trial Time:          1.54904
Trial Time:          1.54975
Trial Time:          1.55369
Trial Time:          1.56273
Trial Time:          1.56732
Trial Time:          1.55322
Trial Time:          1.55421
Trial Time:          1.55575
Trial Time:          1.55491
Trial Time:          1.54999
Trial Time:          1.55022
Trial Time:          1.55173
Trial Time:          1.54452
Trial Time:          1.53745
Trial Time:          1.55888
Trial Time:          1.55752
Trial Time:          1.55503
Trial Time:          1.56584
Trial Time:          1.57566
Trial Time:          1.54907
Trial Time:          1.55870
Trial Time:          1.54968
Trial Time:          1.55414
Trial Time:          1.54713
Trial Time:          1.55134
Trial Time:          1.55363
Trial Time:          1.56237
Trial Time:          1.55141
Trial Time:          1.55675
Trial Time:          1.55602
Trial Time:          1.56098
Trial Time:          1.55318
Trial Time:          1.55839
Trial Time:          1.55350
Trial Time:          1.55429
Trial Time:          1.55144
Trial Time:          1.55870
Trial Time:          1.55106
Trial Time:          1.55770
Trial Time:          1.55184
Trial Time:          1.55265
Trial Time:          1.55719
Average Time:        1.54841
ime:          1.54802
Trial Time:          1.55670
Trial Time:          1.55096
Trial Time:          1.54957
Trial Time:          1.54992
Trial Time:          1.54716
Trial Time:          1.54936
Trial Time:          1.55986
Trial Time:          1.54498
Trial Time:          1.55097
Trial Time:          1.55903
Trial Time:          1.55331
Trial Time:          1.54580
Trial Time:          1.54653
Trial Time:          1.55352
Trial Time:          1.54460
Trial Time:          1.54766
Trial Time:          1.54904
Trial Time:          1.54975
Trial Time:          1.55369
Trial Time:          1.56273
Trial Time:          1.56732
Trial Time:          1.55322
Trial Time:          1.55421
Trial Time:          1.55575
Trial Time:          1.55491
Trial Time:          1.54999
Trial Time:          1.55022
Trial Time:          1.55173
Trial Time:          1.54452
Trial Time:          1.53745
Trial Time:          1.55888
Trial Time:          1.55752
Trial Time:          1.55503
Trial Time:          1.56584
Trial Time:          1.57566
Trial Time:          1.54907
Trial Time:          1.55870
Trial Time:          1.54968
Trial Time:          1.55414
Trial Time:          1.54713
Trial Time:          1.55134
Trial Time:          1.55363
Trial Time:          1.56237
Trial Time:          1.55141
Trial Time:          1.55675
Trial Time:          1.55602
Trial Time:          1.56098
Trial Time:          1.55318
Trial Time:          1.55839
Trial Time:          1.55350
Trial Time:          1.55429
Trial Time:          1.55144
Trial Time:          1.55870
Trial Time:          1.55106
Trial Time:          1.55770
Trial Time:          1.55184
Trial Time:          1.55265
Trial Time:          1.55719
Average Time:        1.54841
pid: 2846
pid: 2846
execution time 315.76 (s)
execution time 315.76 (s)
/mnt/sas_ssd/lyh/memtis-Nomad/adaptive-userspace/scripts/run_bench.sh: line 101:  2840 Killed                  ${DIR}/scripts/memory_stat.sh ${LOG_DIR}
/mnt/sas_ssd/lyh/memtis-Nomad/adaptive-userspace/scripts/run_bench.sh: line 101:  2840 Killed                  ${DIR}/scripts/memory_stat.sh ${LOG_DIR}
+memory
+memory
+cpuset
+cpuset
2371
2371
disabled
disabled
[2026-03-26 15:53:39] Trace saved -> /mnt/sas_ssd/lyh/memtis-Nomad/adaptive-userspace/results/gapbs-pr/20260325_optimize_v1/adaptive/1:2/adaptive_trace.txt
[2026-03-26 15:53:39] Trace saved -> /mnt/sas_ssd/lyh/memtis-Nomad/adaptive-userspace/results/gapbs-pr/20260325_optimize_v1/adaptive/1:2/adaptive_trace.txt
[2026-03-26 15:53:39] DONE: adaptive / gapbs-pr / 1:2
[2026-03-26 15:53:39] DONE: adaptive / gapbs-pr / 1:2
[2026-03-26 15:53:39] State -> adaptive:gapbs-pr:1:4
[2026-03-26 15:53:39] State -> adaptive:gapbs-pr:1:4
[2026-03-26 15:53:39] Kernel: 5.15.19-htmm-adaptive (expect: adaptive)
[2026-03-26 15:53:39] Kernel: 5.15.19-htmm-adaptive (expect: adaptive)
[2026-03-26 15:53:39] ==========================================
[2026-03-26 15:53:39] ==========================================
[2026-03-26 15:53:39] RUN: adaptive / gapbs-pr / 1:4
[2026-03-26 15:53:39] RUN: adaptive / gapbs-pr / 1:4
[2026-03-26 15:53:39] ==========================================
[2026-03-26 15:53:39] ==========================================
Preparing benchmark start...
Preparing benchmark start...
kernel.perf_event_max_sample_rate = 100000
kernel.perf_event_max_sample_rate = 100000
kernel.perf_cpu_time_max_percent = 25
kernel.perf_cpu_time_max_percent = 25
199
199
100007
100007
3
3
2
2
100000
100000
2000000
2000000
2
2
500
500
500
500
4
4
30
30
1
1
0
0
disabled
disabled
never
never
never
never
-----------------------
NVM RATIO: 1:4
202603261553
-----------------------
-----------------------
NVM RATIO: 1:4
202603261553
-----------------------
+memory
+memory
+cpuset
+cpuset
17831
17831
enabled
enabled
996147200
996147200
[HTMM_DIAG] memory.max_at_node0 = 996147200 bytes (950 MB)
[HTMM_DIAG] memory.max_at_node0 = 996147200 bytes (950 MB)
[HTMM_DIAG] memory.htmm_enabled = [enabled] disabled
[HTMM_DIAG] memory.htmm_enabled = [enabled] disabled
[HTMM_DIAG] cgroup.procs size = 3
[HTMM_DIAG] cgroup.procs size = 3
               total        used        free      shared  buff/cache   available
Mem:        90185588     3163040    86563888        5604      458660    86154008
Swap:        8388604           0     8388604
               total        used        free      shared  buff/cache   available
Mem:        90185588     3163040    86563888        5604      458660    86154008
Swap:        8388604           0     8388604
Read Time:           4.31397
Graph has 33554432 nodes and 523609147 undirected edges for degree: 15
Read Time:           4.31397
Graph has 33554432 nodes and 523609147 undirected edges for degree: 15
Trial Time:          1.75335
Trial Time:          1.54164
Trial Time:          1.55120
Trial Time:          1.54607
Trial Time:          1.55333
Trial Time:          1.55853
Trial Time:          1.54705
Trial Time:          1.55025
Trial Time:          1.55913
Trial Time:          1.55495
Trial Time:          1.56002
Trial Time:          1.55593
Trial Time:          1.55443
Trial Time:          1.54338
Trial Time:          1.55917
Trial Time:          1.55139
Trial Time:          1.56106
Trial Time:          1.56042
Trial Time:          1.54894
Trial Time:          1.54254
Trial Time:          1.56074
Trial Time:          1.55136
Trial Time:          1.55413
Trial Time:          1.55227
Trial Time:          1.55525
Trial Time:          1.56217
Trial Time:          1.55402
Trial Time:          1.56346
Trial Time:          1.55607
Trial Time:          1.55369
Trial Time:          1.55143
Trial Time:          1.55225
Trial Time:          1.56137
Trial Time:          1.55679
Trial Time:          1.55349
Trial Time:          1.55732
Trial Time:          1.55192
Trial Time:          1.54988
Trial Time:          1.55761
Trial Time:          1.55691
Trial Time:          1.55804
Trial Time:          1.54900
Trial Time:          1.54827
Trial Time:          1.54740
Trial Time:          1.56055
Trial Time:          1.56089
Trial Time:          1.55380
Trial Time:          1.55550
Trial Time:          1.55031
Trial Time:          1.56417
Trial Time:          1.56114
Trial Time:          1.56513
Trial Time:          1.54897
Trial Time:          1.55673
Trial Time:          1.56013
Trial Time:          1.55666
Trial Time:          1.55422
Trial Time:          1.55395
Trial Time:          1.55058
Trial Time:          1.55838
Trial Time:          1.56878
Trial Time:          1.56584
Trial Time:          1.55292
Trial Time:          1.56466
Trial Time:          1.56483
Trial Time:          1.55831
Trial Time:          1.55649
Trial Time:          1.56388
Trial Time:          1.55361
Trial Time:          1.56086
Trial Time:          1.55770
Trial Time:          1.55328
Trial Time:          1.56671
Trial Time:          1.55103
Trial Time:          1.56676
Trial Time:          1.56095
Trial Time:          1.56597
Trial Time:          1.56229
Trial Time:          1.55913
Trial Time:          1.56426
Trial Time:          1.56127
Trial Time:          1.55924
Trial Time:          1.56810
Trial Time:          1.55394
Trial Time:          1.55853
Trial Time:          1.55991
Trial Time:          1.55753
Trial Time:          1.55480
Trial Time:          1.55748
Trial Time:          1.57456
Trial Time:          1.56555
Trial Time:          1.55811
Trial Time:          1.55901
Trial Time:          1.55767
Trial Time:          1.56247
Trial Time:          1.56020
Trial Time:          1.55897
Trial Time:          1.56052
Trial Time:          1.56272
Trial Time:          1.55329
Trial Time:          1.56529
Trial Time:          1.56344
Trial Time:          1.57149
Trial Time:          1.57309
Trial Time:          1.55883
Trial Time:          1.56396
Trial Time:          1.55653
Trial Time:          1.56383
Trial Time:          1.56314
Trial Time:          1.55230
Trial Time:          1.56158
Trial Time:          1.55757
Trial Time:          1.55858
Trial Time:          1.55767
Trial Time:          1.56266
Trial Time:          1.56509
Trial Time:          1.56410
Trial Time:          1.56337
Trial Time:          1.56632
Trial Time:          1.55189
Trial Time:          1.55985
Trial Time:          1.56850
Trial Time:          1.55399
Trial Time:          1.55737
Trial Time:          1.56407
Trial Time:          1.56543
Trial Time:          1.56300
Trial Time:          1.56121
Trial Time:          1.56309
Trial Time:          1.56009
Trial Time:          1.55644
Trial Time:          1.55219
Trial Time:          1.55745
Trial Time:          1.55758
Trial Time:          1.55860
Trial Time:          1.56761
Trial Time:          1.55853
Trial Time:          1.56203
Trial Time:          1.56014
Trial Time:          1.56592
Trial Time:          1.55862
Trial TTrial Time:          1.75335
Trial Time:          1.54164
Trial Time:          1.55120
Trial Time:          1.54607
Trial Time:          1.55333
Trial Time:          1.55853
Trial Time:          1.54705
Trial Time:          1.55025
Trial Time:          1.55913
Trial Time:          1.55495
Trial Time:          1.56002
Trial Time:          1.55593
Trial Time:          1.55443
Trial Time:          1.54338
Trial Time:          1.55917
Trial Time:          1.55139
Trial Time:          1.56106
Trial Time:          1.56042
Trial Time:          1.54894
Trial Time:          1.54254
Trial Time:          1.56074
Trial Time:          1.55136
Trial Time:          1.55413
Trial Time:          1.55227
Trial Time:          1.55525
Trial Time:          1.56217
Trial Time:          1.55402
Trial Time:          1.56346
Trial Time:          1.55607
Trial Time:          1.55369
Trial Time:          1.55143
Trial Time:          1.55225
Trial Time:          1.56137
Trial Time:          1.55679
Trial Time:          1.55349
Trial Time:          1.55732
Trial Time:          1.55192
Trial Time:          1.54988
Trial Time:          1.55761
Trial Time:          1.55691
Trial Time:          1.55804
Trial Time:          1.54900
Trial Time:          1.54827
Trial Time:          1.54740
Trial Time:          1.56055
Trial Time:          1.56089
Trial Time:          1.55380
Trial Time:          1.55550
Trial Time:          1.55031
Trial Time:          1.56417
Trial Time:          1.56114
Trial Time:          1.56513
Trial Time:          1.54897
Trial Time:          1.55673
Trial Time:          1.56013
Trial Time:          1.55666
Trial Time:          1.55422
Trial Time:          1.55395
Trial Time:          1.55058
Trial Time:          1.55838
Trial Time:          1.56878
Trial Time:          1.56584
Trial Time:          1.55292
Trial Time:          1.56466
Trial Time:          1.56483
Trial Time:          1.55831
Trial Time:          1.55649
Trial Time:          1.56388
Trial Time:          1.55361
Trial Time:          1.56086
Trial Time:          1.55770
Trial Time:          1.55328
Trial Time:          1.56671
Trial Time:          1.55103
Trial Time:          1.56676
Trial Time:          1.56095
Trial Time:          1.56597
Trial Time:          1.56229
Trial Time:          1.55913
Trial Time:          1.56426
Trial Time:          1.56127
Trial Time:          1.55924
Trial Time:          1.56810
Trial Time:          1.55394
Trial Time:          1.55853
Trial Time:          1.55991
Trial Time:          1.55753
Trial Time:          1.55480
Trial Time:          1.55748
Trial Time:          1.57456
Trial Time:          1.56555
Trial Time:          1.55811
Trial Time:          1.55901
Trial Time:          1.55767
Trial Time:          1.56247
Trial Time:          1.56020
Trial Time:          1.55897
Trial Time:          1.56052
Trial Time:          1.56272
Trial Time:          1.55329
Trial Time:          1.56529
Trial Time:          1.56344
Trial Time:          1.57149
Trial Time:          1.57309
Trial Time:          1.55883
Trial Time:          1.56396
Trial Time:          1.55653
Trial Time:          1.56383
Trial Time:          1.56314
Trial Time:          1.55230
Trial Time:          1.56158
Trial Time:          1.55757
Trial Time:          1.55858
Trial Time:          1.55767
Trial Time:          1.56266
Trial Time:          1.56509
Trial Time:          1.56410
Trial Time:          1.56337
Trial Time:          1.56632
Trial Time:          1.55189
Trial Time:          1.55985
Trial Time:          1.56850
Trial Time:          1.55399
Trial Time:          1.55737
Trial Time:          1.56407
Trial Time:          1.56543
Trial Time:          1.56300
Trial Time:          1.56121
Trial Time:          1.56309
Trial Time:          1.56009
Trial Time:          1.55644
Trial Time:          1.55219
Trial Time:          1.55745
Trial Time:          1.55758
Trial Time:          1.55860
Trial Time:          1.56761
Trial Time:          1.55853
Trial Time:          1.56203
Trial Time:          1.56014
Trial Time:          1.56592
Trial Time:          1.55862
Trial Time:          1.56460
Trial Time:          1.55952
Trial Time:          1.56877
Trial Time:          1.55743
Trial Time:          1.55815
Trial Time:          1.56654
Trial Time:          1.56252
Trial Time:          1.56368
Trial Time:          1.56085
Trial Time:          1.56048
Trial Time:          1.56450
Trial Time:          1.56028
Trial Time:          1.55307
Trial Time:          1.56169
Trial Time:          1.56771
Trial Time:          1.56113
Trial Time:          1.56665
Trial Time:          1.55601
Trial Time:          1.55319
Trial Time:          1.57108
Trial Time:          1.55463
Trial Time:          1.55425
Trial Time:          1.55832
Trial Time:          1.56158
Trial Time:          1.57201
Trial Time:          1.56050
Trial Time:          1.55560
Trial Time:          1.55759
Trial Time:          1.55555
Trial Time:          1.56699
Trial Time:          1.54818
Trial Time:          1.56939
Trial Time:          1.56566
Trial Time:          1.55799
Trial Time:          1.55068
Trial Time:          1.55393
Trial Time:          1.56547
Trial Time:          1.54386
Trial Time:          1.55818
Trial Time:          1.55878
Trial Time:          1.55729
Trial Time:          1.56410
Trial Time:          1.56217
Trial Time:          1.55749
Trial Time:          1.55035
Trial Time:          1.56751
Trial Time:          1.55359
Trial Time:          1.55611
Trial Time:          1.56165
Trial Time:          1.54847
Trial Time:          1.56120
Trial Time:          1.55180
Trial Time:          1.55727
Trial Time:          1.54703
Trial Time:          1.56385
Trial Time:          1.56220
Trial Time:          1.56103
Trial Time:          1.55352
Trial Time:          1.56499
Average Time:        1.55961
ime:          1.56460
Trial Time:          1.55952
Trial Time:          1.56877
Trial Time:          1.55743
Trial Time:          1.55815
Trial Time:          1.56654
Trial Time:          1.56252
Trial Time:          1.56368
Trial Time:          1.56085
Trial Time:          1.56048
Trial Time:          1.56450
Trial Time:          1.56028
Trial Time:          1.55307
Trial Time:          1.56169
Trial Time:          1.56771
Trial Time:          1.56113
Trial Time:          1.56665
Trial Time:          1.55601
Trial Time:          1.55319
Trial Time:          1.57108
Trial Time:          1.55463
Trial Time:          1.55425
Trial Time:          1.55832
Trial Time:          1.56158
Trial Time:          1.57201
Trial Time:          1.56050
Trial Time:          1.55560
Trial Time:          1.55759
Trial Time:          1.55555
Trial Time:          1.56699
Trial Time:          1.54818
Trial Time:          1.56939
Trial Time:          1.56566
Trial Time:          1.55799
Trial Time:          1.55068
Trial Time:          1.55393
Trial Time:          1.56547
Trial Time:          1.54386
Trial Time:          1.55818
Trial Time:          1.55878
Trial Time:          1.55729
Trial Time:          1.56410
Trial Time:          1.56217
Trial Time:          1.55749
Trial Time:          1.55035
Trial Time:          1.56751
Trial Time:          1.55359
Trial Time:          1.55611
Trial Time:          1.56165
Trial Time:          1.54847
Trial Time:          1.56120
Trial Time:          1.55180
Trial Time:          1.55727
Trial Time:          1.54703
Trial Time:          1.56385
Trial Time:          1.56220
Trial Time:          1.56103
Trial Time:          1.55352
Trial Time:          1.56499
Average Time:        1.55961
pid: 18342
pid: 18342
exexecution time ecution time 318.04 (s318.04 (s)
)
/mnt/sas_ssd/lyh/memtis-Nomad/adaptive-userspace/scripts/run_bench.sh: line 101: 18336 Killed                  ${DIR}/scripts/memory_stat.sh ${LOG_DIR}
/mnt/sas_ssd/lyh/memtis-Nomad/adaptive-userspace/scripts/run_bench.sh: line 101: 18336 Killed                  ${DIR}/scripts/memory_stat.sh ${LOG_DIR}
+memory
+memory
+cpuset
+cpuset
17831
17831
disabled
disabled
[2026-03-26 15:59:06] Trace saved -> /mnt/sas_ssd/lyh/memtis-Nomad/adaptive-userspace/results/gapbs-pr/20260325_optimize_v1/adaptive/1:4/adaptive_trace.txt
[2026-03-26 15:59:06] Trace saved -> /mnt/sas_ssd/lyh/memtis-Nomad/adaptive-userspace/results/gapbs-pr/20260325_optimize_v1/adaptive/1:4/adaptive_trace.txt
[2026-03-26 15:59:06] DONE: adaptive / gapbs-pr / 1:4
[2026-03-26 15:59:06] DONE: adaptive / gapbs-pr / 1:4
[2026-03-26 15:59:06] Step: kexec -> baseline
[2026-03-26 15:59:06] Step: kexec -> baseline
[2026-03-26 15:59:06] State -> kexec_baseline
[2026-03-26 15:59:06] State -> kexec_baseline
Loading kexec kernel: 5.15.19-htmm-baseline
Executing kexec...
[2026-03-26 15:59:48] [resume] Resuming from state: kexec_baseline
[2026-03-26 15:59:48] [resume] Resuming from state: kexec_baseline
[2026-03-26 15:59:58] optimize_compare start, state=kexec_baseline
[2026-03-26 15:59:58] optimize_compare start, state=kexec_baseline
[2026-03-26 15:59:58] Kernel: 5.15.19-htmm-baseline (expect: baseline)
[2026-03-26 15:59:58] Kernel: 5.15.19-htmm-baseline (expect: baseline)
[2026-03-26 15:59:58] Running start.sh
[2026-03-26 15:59:58] Running start.sh
disabled 2 namespaces
destroyed 2 namespaces
offline
{
  "dev":"namespace1.0",
  "mode":"devdax",
  "map":"dev",
  "size":3168796672,
  "uuid":"2c2710e5-e2a2-43b6-85f4-bbb9d3e9e65e",
  "daxregion":{
    "id":1,
    "size":3168796672,
    "align":2097152,
    "devices":[
      {
        "chardev":"dax1.0",
        "size":3168796672,
        "target_node":3,
        "align":2097152,
        "mode":"devdax"
      }
    ]
  },
  "align":2097152
}
libdaxctl: daxctl_dev_enable: dax1.0: failed to enable
error reconfiguring devices: Invalid argument
reconfigured 0 devices
{
  "dev":"namespace0.0",
  "mode":"devdax",
  "map":"dev",
  "size":267409948672,
  "uuid":"4345b48d-b9b0-485a-a324-b131e4d79272",
  "daxregion":{
    "id":0,
    "size":267409948672,
    "align":2097152,
    "devices":[
      {
        "chardev":"dax0.0",
        "size":267409948672,
        "target_node":2,
        "align":2097152,
        "mode":"devdax"
      }
    ]
  },
  "align":2097152
}
reconfigured 1 device
{
  "chardev":"dax0.0",
  "size":"249.04 GiB (267.41 GB)",
  "target_node":2,
  "align":2097152,
  "mode":"system-ram",
  "online_memblocks":124,
  "total_memblocks":124,
  "movable":true
}
available: 3 nodes (0-2)
node 0 cpus: 0 2 4 6 8 10 12 14 16 18 20 22 24 26 28 30 32 34 36 38 40 42 44 46 48 50 52 54
node 0 size: 87941 MB
node 0 free: 81612 MB
node 1 cpus: 1 3 5 7 9 11 13 15 17 19 21 23 25 27 29 31 33 35 37 39 41 43 45 47 49 51 53 55
node 1 size: 0 MB
node 1 free: 0 MB
node 2 cpus:
node 2 size: 253952 MB
node 2 free: 253952 MB
node distances:
node   0   1   2 
  0:  10  20  17 
  1:  20  10  28 
  2:  17  28  10 
pm_size_arr[0]: 0
pm_size_arr[1]: 3
[
  {
    "dev":"region1",
    "size":"253.00 GiB (271.66 GB)",
    "align":"16.00 MiB (16.78 MB)",
    "available_size":"253.00 GiB (271.66 GB)",
    "max_available_extent":"253.00 GiB (271.66 GB)",
    "type":"pmem",
    "numa_node":1,
    "target_node":3,
    "iset_id":"0xd82dda90b1218a22",
    "persistence_domain":"memory_controller"
  },
  {
    "dev":"region0",
    "size":"253.00 GiB (271.66 GB)",
    "align":"16.00 MiB (16.78 MB)",
    "available_size":"253.00 GiB (271.66 GB)",
    "max_available_extent":"253.00 GiB (271.66 GB)",
    "type":"pmem",
    "numa_node":0,
    "target_node":2,
    "iset_id":"0xf041da90cd238a22",
    "persistence_domain":"memory_controller"
  }
]

[{'dev': 'region1', 'size': '253.00 GiB (271.66 GB)', 'align': '16.00 MiB (16.78 MB)', 'available_size': '253.00 GiB (271.66 GB)', 'max_available_extent': '253.00 GiB (271.66 GB)', 'type': 'pmem', 'numa_node': 1, 'target_node': 3, 'iset_id': '0xd82dda90b1218a22', 'persistence_domain': 'memory_controller'}, {'dev': 'region0', 'size': '253.00 GiB (271.66 GB)', 'align': '16.00 MiB (16.78 MB)', 'available_size': '253.00 GiB (271.66 GB)', 'max_available_extent': '253.00 GiB (271.66 GB)', 'type': 'pmem', 'numa_node': 0, 'target_node': 2, 'iset_id': '0xf041da90cd238a22', 'persistence_domain': 'memory_controller'}]
numa_node: 1, region_dev: region1, region_id: 1
numa_node: 0, region_dev: region0, region_id: 0
never
never
1
[2026-03-26 16:00:24] ==========================================
[2026-03-26 16:00:24] ==========================================
[2026-03-26 16:00:24] RUN: baseline / gups-quick / 1:2
[2026-03-26 16:00:24] RUN: baseline / gups-quick / 1:2
[2026-03-26 16:00:24] ==========================================
[2026-03-26 16:00:24] ==========================================
Preparing benchmark start...
Preparing benchmark start...
kernel.perf_event_max_sample_rate = 100000
kernel.perf_event_max_sample_rate = 100000
kernel.perf_cpu_time_max_percent = 25
kernel.perf_cpu_time_max_percent = 25
199
199
100007
100007
3
3
2
2
100000
100000
2000000
2000000
2
2
500
500
500
500
4
4
30
30
1
1
0
0
disabled
disabled
never
never
never
never
-----------------------
NVM RATIO: 1:2
202603261600
-----------------------
-----------------------
NVM RATIO: 1:2
202603261600
-----------------------
rmdir: failed to remove '/sys/fs/cgroup/htmm'rmdir: failed to remove '/sys/fs/cgroup/htmm': No such file or directory
: No such file or directory
+memory
+memory
+cpuset
+cpuset
3838
3838
enabled
enabled
15728640000
15728640000
[HTMM_DIAG] memory.max_at_node0 = 15728640000 bytes (15000 MB)
[HTMM_DIAG] memory.max_at_node0 = 15728640000 bytes (15000 MB)
[HTMM_DIAG] memory.htmm_enabled = [enabled] disabled
[HTMM_DIAG] memory.htmm_enabled = [enabled] disabled
[HTMM_DIAG] cgroup.procs size = 3
[HTMM_DIAG] cgroup.procs size = 3
               total        used        free      shared  buff/cache   available
Mem:       350099136     5338680   344485112        5608      275344   343486200
Swap:        8388604           0     8388604
               total        used        free      shared  buff/cache   available
Mem:       350099136     5338680   344485112        5608      275344   343486200
Swap:        8388604           0     8388604
=== GUPS Hotness Test (Single-Process + Placement Monitor) ===
=== Test10: Hot region at 40%~60% of address space ===
Updates:       7000000000
Total memory:  45000 MB (43.95 GB)
Element size:  8 bytes
Total elems:   5898240000
Hot region:    elems[2359296000..3538944000) = 1179648000 elems (9000.0 MB, addr 40%~60%)
Cold region:   4718592000 elems (36000.0 MB, addr 0%~40% + 60%~100%)
Access ratio:  hot 80% / cold 20%
Placement check interval: every 1000000000 accesses
Region: 0x400000000000 - 0x400afc800000
Hot:    0x400465000000 - 0x400697800000
Touching pages (first-touch allocation)...
Page touch complete.
[PLACEMENT #0] t=0.0s hot_pages=2304000  node0(DRAM)=311485(13.5%)  node2(PM)=1992515(86.5%)  other=0 err=0

=== Starting GUPS (single process + placement monitor) ===
=== GUPS Hotness Test (Single-Process + Placement Monitor) ===
=== Test10: Hot region at 40%~60% of address space ===
Updates:       7000000000
Total memory:  45000 MB (43.95 GB)
Element size:  8 bytes
Total elems:   5898240000
Hot region:    elems[2359296000..3538944000) = 1179648000 elems (9000.0 MB, addr 40%~60%)
Cold region:   4718592000 elems (36000.0 MB, addr 0%~40% + 60%~100%)
Access ratio:  hot 80% / cold 20%
Placement check interval: every 1000000000 accesses
Region: 0x400000000000 - 0x400afc800000
Hot:    0x400465000000 - 0x400697800000
Touching pages (first-touch allocation)...
Page touch complete.
[PLACEMENT #0] t=0.0s hot_pages=2304000  node0(DRAM)=311485(13.5%)  node2(PM)=1992515(86.5%)  other=0 err=0

=== Starting GUPS (single process + placement monitor) ===
[PLACEMENT #1] t=113.0s hot_pages=2304000  node0(DRAM)=1214395(52.7%)  node2(PM)=1089605(47.3%)  other=0 err=0
[PLACEMENT #1] t=113.0s hot_pages=2304000  node0(DRAM)=1214395(52.7%)  node2(PM)=1089605(47.3%)  other=0 err=0
[PLACEMENT #2] t=209.3s hot_pages=2304000  node0(DRAM)=1214395(52.7%)  node2(PM)=1089605(47.3%)  other=0 err=0
[PLACEMENT #2] t=209.3s hot_pages=2304000  node0(DRAM)=1214395(52.7%)  node2(PM)=1089605(47.3%)  other=0 err=0
[PLACEMENT #3] t=305.5s hot_pages=2304000  node0(DRAM)=1214396(52.7%)  node2(PM)=1089604(47.3%)  other=0 err=0
[PLACEMENT #3] t=305.5s hot_pages=2304000  node0(DRAM)=1214396(52.7%)  node2(PM)=1089604(47.3%)  other=0 err=0
[PLACEMENT #4] t=401.6s hot_pages=2304000  node0(DRAM)=1214396(52.7%)  node2(PM)=1089604(47.3%)  other=0 err=0
[PLACEMENT #4] t=401.6s hot_pages=2304000  node0(DRAM)=1214396(52.7%)  node2(PM)=1089604(47.3%)  other=0 err=0
[PLACEMENT #5] t=497.7s hot_pages=2304000  node0(DRAM)=1214396(52.7%)  node2(PM)=1089604(47.3%)  other=0 err=0
[PLACEMENT #5] t=497.7s hot_pages=2304000  node0(DRAM)=1214396(52.7%)  node2(PM)=1089604(47.3%)  other=0 err=0
[PLACEMENT #6] t=598.0s hot_pages=2304000  node0(DRAM)=1598067(69.4%)  node2(PM)=705933(30.6%)  other=0 err=0
[PLACEMENT #6] t=598.0s hot_pages=2304000  node0(DRAM)=1598067(69.4%)  node2(PM)=705933(30.6%)  other=0 err=0
[PLACEMENT #7] t=682.6s hot_pages=2304000  node0(DRAM)=1598067(69.4%)  node2(PM)=705933(30.6%)  other=0 err=0
[PLACEMENT #7] t=682.6s hot_pages=2304000  node0(DRAM)=1598067(69.4%)  node2(PM)=705933(30.6%)  other=0 err=0
[PLACEMENT #8] t=682.7s hot_pages=2304000  node0(DRAM)=1598067(69.4%)  node2(PM)=705933(30.6%)  other=0 err=0
[PLACEMENT #8] t=682.7s hot_pages=2304000  node0(DRAM)=1598067(69.4%)  node2(PM)=705933(30.6%)  other=0 err=0

=== Results ===
Time:          682.671 seconds
Updates:       7000000000
GUPS:          0.010254
Hot accesses:  5599928439 (80.0%)
Cold accesses: 1400071561 (20.0%)
Placement checks: 8

[SUMMARY] GUPS=0.010254  Time=682.671  Updates=7000000000 HotPct=80.0 ColdPct=20.0 PlacementChecks=8

=== Results ===
Time:          682.671 seconds
Updates:       7000000000
GUPS:          0.010254
Hot accesses:  5599928439 (80.0%)
Cold accesses: 1400071561 (20.0%)
Placement checks: 8

[SUMMARY] GUPS=0.010254  Time=682.671  Updates=7000000000 HotPct=80.0 ColdPct=20.0 PlacementChecks=8
pid: 4286
pid: 4286
execexecution time ution time 734.77 (s)734.77 (s)

/mnt/sas_ssd/lyh/memtis-Nomad/adaptive-userspace/scripts/run_bench.sh: line 101:  4280 Killed                  ${DIR}/scripts/memory_stat.sh ${LOG_DIR}
/mnt/sas_ssd/lyh/memtis-Nomad/adaptive-userspace/scripts/run_bench.sh: line 101:  4280 Killed                  ${DIR}/scripts/memory_stat.sh ${LOG_DIR}
+memory
+memory
+cpuset
+cpuset
3838
3838
disabled
disabled
[2026-03-26 16:12:48] DONE: baseline / gups-quick / 1:2
[2026-03-26 16:12:48] DONE: baseline / gups-quick / 1:2
[2026-03-26 16:12:48] State -> baseline:gups-quick:1:4
[2026-03-26 16:12:48] State -> baseline:gups-quick:1:4
[2026-03-26 16:12:48] Kernel: 5.15.19-htmm-baseline (expect: baseline)
[2026-03-26 16:12:48] Kernel: 5.15.19-htmm-baseline (expect: baseline)
[2026-03-26 16:12:48] ==========================================
[2026-03-26 16:12:48] ==========================================
[2026-03-26 16:12:48] RUN: baseline / gups-quick / 1:4
[2026-03-26 16:12:48] RUN: baseline / gups-quick / 1:4
[2026-03-26 16:12:48] ==========================================
[2026-03-26 16:12:48] ==========================================
Preparing benchmark start...
Preparing benchmark start...
kernel.perf_event_max_sample_rate = 100000
kernel.perf_event_max_sample_rate = 100000
kernel.perf_cpu_time_max_percent = 25
kernel.perf_cpu_time_max_percent = 25
199
199
100007
100007
3
3
2
2
100000
100000
2000000
2000000
2
2
500
500
500
500
4
4
30
30
1
1
0
0
disabled
disabled
never
never
never
never
-----------------------
NVM RATIO: 1:4
202603261612
-----------------------
-----------------------
NVM RATIO: 1:4
202603261612
-----------------------
+memory
+memory
+cpuset
+cpuset
39295
39295
enabled
enabled
9437184000
9437184000
[HTMM_DIAG] memory.max_at_node0 = 9437184000 bytes (9000 MB)
[HTMM_DIAG] memory.max_at_node0 = 9437184000 bytes (9000 MB)
[HTMM_DIAG] memory.htmm_enabled = [enabled] disabled
[HTMM_DIAG] memory.htmm_enabled = [enabled] disabled
[HTMM_DIAG] cgroup.procs size = 3
[HTMM_DIAG] cgroup.procs size = 3
               total        used        free      shared  buff/cache   available
Mem:       350099136     6383500   343225712        5664      489924   342333508
Swap:        8388604           0     8388604
               total        used        free      shared  buff/cache   available
Mem:       350099136     6383500   343225712        5664      489924   342333508
Swap:        8388604           0     8388604
=== GUPS Hotness Test (Single-Process + Placement Monitor) ===
=== Test10: Hot region at 40%~60% of address space ===
Updates:       7000000000
Total memory:  45000 MB (43.95 GB)
Element size:  8 bytes
Total elems:   5898240000
Hot region:    elems[2359296000..3538944000) = 1179648000 elems (9000.0 MB, addr 40%~60%)
Cold region:   4718592000 elems (36000.0 MB, addr 0%~40% + 60%~100%)
Access ratio:  hot 80% / cold 20%
Placement check interval: every 1000000000 accesses
Region: 0x400000000000 - 0x400afc800000
Hot:    0x400465000000 - 0x400697800000
Touching pages (first-touch allocation)...
Page touch complete.
[PLACEMENT #0] t=0.0s hot_pages=2304000  node0(DRAM)=124280(5.4%)  node2(PM)=2179720(94.6%)  other=0 err=0

=== Starting GUPS (single process + placement monitor) ===
=== GUPS Hotness Test (Single-Process + Placement Monitor) ===
=== Test10: Hot region at 40%~60% of address space ===
Updates:       7000000000
Total memory:  45000 MB (43.95 GB)
Element size:  8 bytes
Total elems:   5898240000
Hot region:    elems[2359296000..3538944000) = 1179648000 elems (9000.0 MB, addr 40%~60%)
Cold region:   4718592000 elems (36000.0 MB, addr 0%~40% + 60%~100%)
Access ratio:  hot 80% / cold 20%
Placement check interval: every 1000000000 accesses
Region: 0x400000000000 - 0x400afc800000
Hot:    0x400465000000 - 0x400697800000
Touching pages (first-touch allocation)...
Page touch complete.
[PLACEMENT #0] t=0.0s hot_pages=2304000  node0(DRAM)=124280(5.4%)  node2(PM)=2179720(94.6%)  other=0 err=0

=== Starting GUPS (single process + placement monitor) ===
[PLACEMENT #1] t=126.2s hot_pages=2304000  node0(DRAM)=655260(28.4%)  node2(PM)=1648740(71.6%)  other=0 err=0
[PLACEMENT #1] t=126.2s hot_pages=2304000  node0(DRAM)=655260(28.4%)  node2(PM)=1648740(71.6%)  other=0 err=0
[PLACEMENT #2] t=240.4s hot_pages=2304000  node0(DRAM)=655260(28.4%)  node2(PM)=1648740(71.6%)  other=0 err=0
[PLACEMENT #2] t=240.4s hot_pages=2304000  node0(DRAM)=655260(28.4%)  node2(PM)=1648740(71.6%)  other=0 err=0
[PLACEMENT #3] t=354.5s hot_pages=2304000  node0(DRAM)=655260(28.4%)  node2(PM)=1648740(71.6%)  other=0 err=0
[PLACEMENT #3] t=354.5s hot_pages=2304000  node0(DRAM)=655260(28.4%)  node2(PM)=1648740(71.6%)  other=0 err=0
[PLACEMENT #4] t=468.6s hot_pages=2304000  node0(DRAM)=655260(28.4%)  node2(PM)=1648740(71.6%)  other=0 err=0
[PLACEMENT #4] t=468.6s hot_pages=2304000  node0(DRAM)=655260(28.4%)  node2(PM)=1648740(71.6%)  other=0 err=0
[PLACEMENT #5] t=582.6s hot_pages=2304000  node0(DRAM)=655260(28.4%)  node2(PM)=1648740(71.6%)  other=0 err=0
[PLACEMENT #5] t=582.6s hot_pages=2304000  node0(DRAM)=655260(28.4%)  node2(PM)=1648740(71.6%)  other=0 err=0
[PLACEMENT #6] t=704.3s hot_pages=2304000  node0(DRAM)=711887(30.9%)  node2(PM)=1592113(69.1%)  other=0 err=0
[PLACEMENT #6] t=704.3s hot_pages=2304000  node0(DRAM)=711887(30.9%)  node2(PM)=1592113(69.1%)  other=0 err=0
[PLACEMENT #7] t=815.5s hot_pages=2304000  node0(DRAM)=711887(30.9%)  node2(PM)=1592113(69.1%)  other=0 err=0
[PLACEMENT #7] t=815.5s hot_pages=2304000  node0(DRAM)=711887(30.9%)  node2(PM)=1592113(69.1%)  other=0 err=0
[PLACEMENT #8] t=815.7s hot_pages=2304000  node0(DRAM)=711887(30.9%)  node2(PM)=1592113(69.1%)  other=0 err=0

=== Results ===
Time:          815.652 seconds
Updates:       7000000000
GUPS:          0.008582
Hot accesses:  5599928439 (80.0%)
Cold accesses: 1400071561 (20.0%)
Placement checks: 8

[SUMMARY] GUPS=0.008582  Time=815.652  Updates=7000000000 HotPct=80.0 ColdPct=20.0 PlacementChecks=8
[PLACEMENT #8] t=815.7s hot_pages=2304000  node0(DRAM)=711887(30.9%)  node2(PM)=1592113(69.1%)  other=0 err=0

=== Results ===
Time:          815.652 seconds
Updates:       7000000000
GUPS:          0.008582
Hot accesses:  5599928439 (80.0%)
Cold accesses: 1400071561 (20.0%)
Placement checks: 8

[SUMMARY] GUPS=0.008582  Time=815.652  Updates=7000000000 HotPct=80.0 ColdPct=20.0 PlacementChecks=8
pid: 39448
pid: 39448
executiexecution time on time 870.27 (s)
870.27 (s)
/mnt/sas_ssd/lyh/memtis-Nomad/adaptive-userspace/scripts/run_bench.sh: line 101: 39442 Killed                  ${DIR}/scripts/memory_stat.sh ${LOG_DIR}
/mnt/sas_ssd/lyh/memtis-Nomad/adaptive-userspace/scripts/run_bench.sh: line 101: 39442 Killed                  ${DIR}/scripts/memory_stat.sh ${LOG_DIR}
+memory
+memory
+cpuset
+cpuset
39295
39295
disabled
disabled
[2026-03-26 16:27:32] DONE: baseline / gups-quick / 1:4
[2026-03-26 16:27:32] DONE: baseline / gups-quick / 1:4
[2026-03-26 16:27:32] State -> baseline:gapbs-pr:1:2
[2026-03-26 16:27:32] State -> baseline:gapbs-pr:1:2
[2026-03-26 16:27:32] Kernel: 5.15.19-htmm-baseline (expect: baseline)
[2026-03-26 16:27:32] Kernel: 5.15.19-htmm-baseline (expect: baseline)
[2026-03-26 16:27:32] ==========================================
[2026-03-26 16:27:32] ==========================================
[2026-03-26 16:27:32] RUN: baseline / gapbs-pr / 1:2
[2026-03-26 16:27:32] RUN: baseline / gapbs-pr / 1:2
[2026-03-26 16:27:32] ==========================================
[2026-03-26 16:27:32] ==========================================
Preparing benchmark start...
Preparing benchmark start...
kernel.perf_event_max_sample_rate = 100000
kernel.perf_event_max_sample_rate = 100000
kernel.perf_cpu_time_max_percent = 25
kernel.perf_cpu_time_max_percent = 25
199
199
100007
100007
3
3
2
2
100000
100000
2000000
2000000
2
2
500
500
500
500
4
4
30
30
1
1
0
0
disabled
disabled
never
never
never
never
-----------------------
NVM RATIO: 1:2
202603261627
-----------------------
-----------------------
NVM RATIO: 1:2
202603261627
-----------------------
+memory
+memory
+cpuset
+cpuset
81325
81325
enabled
enabled
1887436800
1887436800
[HTMM_DIAG] memory.max_at_node0 = 1887436800 bytes (1800 MB)
[HTMM_DIAG] memory.max_at_node0 = 1887436800 bytes (1800 MB)
[HTMM_DIAG] memory.htmm_enabled = [enabled] disabled
[HTMM_DIAG] memory.htmm_enabled = [enabled] disabled
[HTMM_DIAG] cgroup.procs size = 3
[HTMM_DIAG] cgroup.procs size = 3
               total        used        free      shared  buff/cache   available
Mem:       350099136     6573868   343011220        5740      514048   342131816
Swap:        8388604           0     8388604
               total        used        free      shared  buff/cache   available
Mem:       350099136     6573868   343011220        5740      514048   342131816
Swap:        8388604           0     8388604
Read Time:           9.98697
Graph has 33554432 nodes and 523609147 undirected edges for degree: 15
Read Time:           9.98697
Graph has 33554432 nodes and 523609147 undirected edges for degree: 15
Trial Time:          2.33510
Trial Time:          2.24483
Trial Time:          2.24728
Trial Time:          2.23875
Trial Time:          2.21616
Trial Time:          2.22400
Trial Time:          2.22010
Trial Time:          2.22252
Trial Time:          2.23170
Trial Time:          2.22588
Trial Time:          2.22572
Trial Time:          2.20265
Trial Time:          2.21958
Trial Time:          2.21689
Trial Time:          2.21301
Trial Time:          2.22833
Trial Time:          2.19822
Trial Time:          2.20472
Trial Time:          2.21455
Trial Time:          2.19955
Trial Time:          2.21238
Trial Time:          2.20802
Trial Time:          2.21138
Trial Time:          2.21719
Trial Time:          2.19888
Trial Time:          2.19555
Trial Time:          2.23507
Trial Time:          2.20799
Trial Time:          2.20788
Trial Time:          2.18215
Trial Time:          2.21044
Trial Time:          2.21045
Trial Time:          2.21634
Trial Time:          2.21551
Trial Time:          2.21642
Trial Time:          2.21274
Trial Time:          2.20436
Trial Time:          2.23381
Trial Time:          2.23621
Trial Time:          2.22983
Trial Time:          2.19698
Trial Time:          2.20368
Trial Time:          2.21043
Trial Time:          2.21814
Trial Time:          2.21365
Trial Time:          2.21207
Trial Time:          2.20332
Trial Time:          2.18977
Trial Time:          2.19618
Trial Time:          2.17473
Trial Time:          2.17020
Trial Time:          2.18431
Trial Time:          2.18835
Trial Time:          2.18631
Trial Time:          2.18430
Trial Time:          2.19058
Trial Time:          2.20217
Trial Time:          2.20431
Trial Time:          2.22280
Trial Time:          2.20936
Trial Time:          2.20366
Trial Time:          2.18566
Trial Time:          2.19985
Trial Time:          2.21374
Trial Time:          2.21704
Trial Time:          2.19716
Trial Time:          2.18590
Trial Time:          2.19864
Trial Time:          2.20800
Trial Time:          2.20965
Trial Time:          2.21154
Trial Time:          2.19868
Trial Time:          2.19632
Trial Time:          2.21153
Trial Time:          2.21559
Trial Time:          2.20600
Trial Time:          2.21695
Trial Time:          2.20791
Trial Time:          2.21401
Trial Time:          2.21431
Trial Time:          2.20073
Trial Time:          2.20582
Trial Time:          2.18494
Trial Time:          2.21045
Trial Time:          2.22016
Trial Time:          2.21742
Trial Time:          2.20103
Trial Time:          2.21412
Trial Time:          2.19978
Trial Time:          2.20971
Trial Time:          2.19715
Trial Time:          2.21614
Trial Time:          2.20060
Trial Time:          2.19924
Trial Time:          2.18032
Trial Time:          2.21229
Trial Time:          2.20421
Trial Time:          2.21333
Trial Time:          2.20813
Trial Time:          2.20581
Trial Time:          2.19831
Trial Time:          2.22107
Trial Time:          2.22335
Trial Time:          2.21835
Trial Time:          2.21786
Trial Time:          2.21521
Trial Time:          2.22092
Trial Time:          2.22120
Trial Time:          2.20997
Trial Time:          2.21082
Trial Time:          2.18771
Trial Time:          2.17595
Trial Time:          2.18952
Trial Time:          2.18582
Trial Time:          2.19876
Trial Time:          2.21430
Trial Time:          2.20485
Trial Time:          2.18915
Trial Time:          2.20444
Trial Time:          2.18233
Trial Time:          2.21088
Trial Time:          2.20751
Trial Time:          2.19136
Trial Time:          2.19986
Trial Time:          2.20241
Trial Time:          2.19780
Trial Time:          2.18304
Trial Time:          2.18959
Trial Time:          2.20030
Trial Time:          2.20568
Trial Time:          2.20770
Trial Time:          2.19703
Trial Time:          2.20078
Trial Time:          2.21686
Trial Time:          2.20175
Trial Time:          2.20540
Trial Time:          2.21941
Trial Time:          2.22801
Trial Time:          2.20482
Trial Time:          2.20253
Trial Time:          2.19702
Trial TTrial Time:          2.33510
Trial Time:          2.24483
Trial Time:          2.24728
Trial Time:          2.23875
Trial Time:          2.21616
Trial Time:          2.22400
Trial Time:          2.22010
Trial Time:          2.22252
Trial Time:          2.23170
Trial Time:          2.22588
Trial Time:          2.22572
Trial Time:          2.20265
Trial Time:          2.21958
Trial Time:          2.21689
Trial Time:          2.21301
Trial Time:          2.22833
Trial Time:          2.19822
Trial Time:          2.20472
Trial Time:          2.21455
Trial Time:          2.19955
Trial Time:          2.21238
Trial Time:          2.20802
Trial Time:          2.21138
Trial Time:          2.21719
Trial Time:          2.19888
Trial Time:          2.19555
Trial Time:          2.23507
Trial Time:          2.20799
Trial Time:          2.20788
Trial Time:          2.18215
Trial Time:          2.21044
Trial Time:          2.21045
Trial Time:          2.21634
Trial Time:          2.21551
Trial Time:          2.21642
Trial Time:          2.21274
Trial Time:          2.20436
Trial Time:          2.23381
Trial Time:          2.23621
Trial Time:          2.22983
Trial Time:          2.19698
Trial Time:          2.20368
Trial Time:          2.21043
Trial Time:          2.21814
Trial Time:          2.21365
Trial Time:          2.21207
Trial Time:          2.20332
Trial Time:          2.18977
Trial Time:          2.19618
Trial Time:          2.17473
Trial Time:          2.17020
Trial Time:          2.18431
Trial Time:          2.18835
Trial Time:          2.18631
Trial Time:          2.18430
Trial Time:          2.19058
Trial Time:          2.20217
Trial Time:          2.20431
Trial Time:          2.22280
Trial Time:          2.20936
Trial Time:          2.20366
Trial Time:          2.18566
Trial Time:          2.19985
Trial Time:          2.21374
Trial Time:          2.21704
Trial Time:          2.19716
Trial Time:          2.18590
Trial Time:          2.19864
Trial Time:          2.20800
Trial Time:          2.20965
Trial Time:          2.21154
Trial Time:          2.19868
Trial Time:          2.19632
Trial Time:          2.21153
Trial Time:          2.21559
Trial Time:          2.20600
Trial Time:          2.21695
Trial Time:          2.20791
Trial Time:          2.21401
Trial Time:          2.21431
Trial Time:          2.20073
Trial Time:          2.20582
Trial Time:          2.18494
Trial Time:          2.21045
Trial Time:          2.22016
Trial Time:          2.21742
Trial Time:          2.20103
Trial Time:          2.21412
Trial Time:          2.19978
Trial Time:          2.20971
Trial Time:          2.19715
Trial Time:          2.21614
Trial Time:          2.20060
Trial Time:          2.19924
Trial Time:          2.18032
Trial Time:          2.21229
Trial Time:          2.20421
Trial Time:          2.21333
Trial Time:          2.20813
Trial Time:          2.20581
Trial Time:          2.19831
Trial Time:          2.22107
Trial Time:          2.22335
Trial Time:          2.21835
Trial Time:          2.21786
Trial Time:          2.21521
Trial Time:          2.22092
Trial Time:          2.22120
Trial Time:          2.20997
Trial Time:          2.21082
Trial Time:          2.18771
Trial Time:          2.17595
Trial Time:          2.18952
Trial Time:          2.18582
Trial Time:          2.19876
Trial Time:          2.21430
Trial Time:          2.20485
Trial Time:          2.18915
Trial Time:          2.20444
Trial Time:          2.18233
Trial Time:          2.21088
Trial Time:          2.20751
Trial Time:          2.19136
Trial Time:          2.19986
Trial Time:          2.20241
Trial Time:          2.19780
Trial Time:          2.18304
Trial Time:          2.18959
Trial Time:          2.20030
Trial Time:          2.20568
Trial Time:          2.20770
Trial Time:          2.19703
Trial Time:          2.20078
Trial Time:          2.21686
Trial Time:          2.20175
Trial Time:          2.20540
Trial Time:          2.21941
Trial Time:          2.22801
Trial Time:          2.20482
Trial Time:          2.20253
Trial Time:          2.19702
Trial Time:          2.18520
Trial Time:          2.17576
Trial Time:          2.19496
Trial Time:          2.20371
Trial Time:          2.20869
Trial Time:          2.21189
Trial Time:          2.17985
Trial Time:          2.18432
Trial Time:          2.20455
Trial Time:          2.20872
Trial Time:          2.20667
Trial Time:          2.19189
Trial Time:          2.19440
Trial Time:          2.23305
Trial Time:          2.20408
Trial Time:          2.20728
Trial Time:          2.19852
Trial Time:          2.20522
Trial Time:          2.20226
Trial Time:          2.22041
Trial Time:          2.20891
Trial Time:          2.20638
Trial Time:          2.19556
Trial Time:          2.19875
Trial Time:          2.21085
Trial Time:          2.19277
Trial Time:          2.19143
Trial Time:          2.20068
Trial Time:          2.21687
Trial Time:          2.21081
Trial Time:          2.20633
Trial Time:          2.19653
Trial Time:          2.18665
Trial Time:          2.18644
Trial Time:          2.20964
Trial Time:          2.21147
Trial Time:          2.19037
Trial Time:          2.19822
Trial Time:          2.19005
Trial Time:          2.21112
Trial Time:          2.21123
Trial Time:          2.21178
Trial Time:          2.22680
Trial Time:          2.21690
Trial Time:          2.21365
Trial Time:          2.22393
Trial Time:          2.22295
Trial Time:          2.20791
Trial Time:          2.18757
Trial Time:          2.20383
Trial Time:          2.19351
Trial Time:          2.19802
Trial Time:          2.18211
Trial Time:          2.19044
Trial Time:          2.19051
Trial Time:          2.18580
Trial Time:          2.21899
Trial Time:          2.22310
Trial Time:          2.20403
Average Time:        2.20641
ime:          2.18520
Trial Time:          2.17576
Trial Time:          2.19496
Trial Time:          2.20371
Trial Time:          2.20869
Trial Time:          2.21189
Trial Time:          2.17985
Trial Time:          2.18432
Trial Time:          2.20455
Trial Time:          2.20872
Trial Time:          2.20667
Trial Time:          2.19189
Trial Time:          2.19440
Trial Time:          2.23305
Trial Time:          2.20408
Trial Time:          2.20728
Trial Time:          2.19852
Trial Time:          2.20522
Trial Time:          2.20226
Trial Time:          2.22041
Trial Time:          2.20891
Trial Time:          2.20638
Trial Time:          2.19556
Trial Time:          2.19875
Trial Time:          2.21085
Trial Time:          2.19277
Trial Time:          2.19143
Trial Time:          2.20068
Trial Time:          2.21687
Trial Time:          2.21081
Trial Time:          2.20633
Trial Time:          2.19653
Trial Time:          2.18665
Trial Time:          2.18644
Trial Time:          2.20964
Trial Time:          2.21147
Trial Time:          2.19037
Trial Time:          2.19822
Trial Time:          2.19005
Trial Time:          2.21112
Trial Time:          2.21123
Trial Time:          2.21178
Trial Time:          2.22680
Trial Time:          2.21690
Trial Time:          2.21365
Trial Time:          2.22393
Trial Time:          2.22295
Trial Time:          2.20791
Trial Time:          2.18757
Trial Time:          2.20383
Trial Time:          2.19351
Trial Time:          2.19802
Trial Time:          2.18211
Trial Time:          2.19044
Trial Time:          2.19051
Trial Time:          2.18580
Trial Time:          2.21899
Trial Time:          2.22310
Trial Time:          2.20403
Average Time:        2.20641
pid: 81806
pid: 81806
execution time 453.13 (s)
execution time 453.13 (s)
/mnt/sas_ssd/lyh/memtis-Nomad/adaptive-userspace/scripts/run_bench.sh: line 101: 81800 Killed                  ${DIR}/scripts/memory_stat.sh ${LOG_DIR}
/mnt/sas_ssd/lyh/memtis-Nomad/adaptive-userspace/scripts/run_bench.sh: line 101: 81800 Killed                  ${DIR}/scripts/memory_stat.sh ${LOG_DIR}
+memory
+memory
+cpuset
+cpuset
81325
81325
disabled
disabled
[2026-03-26 16:35:13] DONE: baseline / gapbs-pr / 1:2
[2026-03-26 16:35:13] DONE: baseline / gapbs-pr / 1:2
[2026-03-26 16:35:13] State -> baseline:gapbs-pr:1:4
[2026-03-26 16:35:13] State -> baseline:gapbs-pr:1:4
[2026-03-26 16:35:13] Kernel: 5.15.19-htmm-baseline (expect: baseline)
[2026-03-26 16:35:13] Kernel: 5.15.19-htmm-baseline (expect: baseline)
[2026-03-26 16:35:13] ==========================================
[2026-03-26 16:35:13] ==========================================
[2026-03-26 16:35:13] RUN: baseline / gapbs-pr / 1:4
[2026-03-26 16:35:13] RUN: baseline / gapbs-pr / 1:4
[2026-03-26 16:35:13] ==========================================
[2026-03-26 16:35:13] ==========================================
Preparing benchmark start...
Preparing benchmark start...
kernel.perf_event_max_sample_rate = 100000
kernel.perf_event_max_sample_rate = 100000
kernel.perf_cpu_time_max_percent = 25
kernel.perf_cpu_time_max_percent = 25
199
199
100007
100007
3
3
2
2
100000
100000
2000000
2000000
2
2
500
500
500
500
4
4
30
30
1
1
0
0
disabled
disabled
never
never
never
never
-----------------------
NVM RATIO: 1:4
202603261635
-----------------------
-----------------------
NVM RATIO: 1:4
202603261635
-----------------------
+memory
+memory
+cpuset
+cpuset
102243
102243
enabled
enabled
996147200
996147200
[HTMM_DIAG] memory.max_at_node0 = 996147200 bytes (950 MB)
[HTMM_DIAG] memory.max_at_node0 = 996147200 bytes (950 MB)
[HTMM_DIAG] memory.htmm_enabled = [enabled] disabled
[HTMM_DIAG] memory.htmm_enabled = [enabled] disabled
[HTMM_DIAG] cgroup.procs size = 3
[HTMM_DIAG] cgroup.procs size = 3
               total        used        free      shared  buff/cache   available
Mem:       350099136     7303728   342145352        5664      650056   341333768
Swap:        8388604           0     8388604
               total        used        free      shared  buff/cache   available
Mem:       350099136     7303728   342145352        5664      650056   341333768
Swap:        8388604           0     8388604
Read Time:           10.72240
Graph has 33554432 nodes and 523609147 undirected edges for degree: 15
Read Time:           10.72240
Graph has 33554432 nodes and 523609147 undirected edges for degree: 15
Trial Time:          2.48812
Trial Time:          2.47266
Trial Time:          2.50326
Trial Time:          2.48584
Trial Time:          2.46980
Trial Time:          2.47256
Trial Time:          2.47714
Trial Time:          2.47628
Trial Time:          2.46252
Trial Time:          2.46136
Trial Time:          2.46994
Trial Time:          2.46417
Trial Time:          2.45609
Trial Time:          2.46994
Trial Time:          2.49127
Trial Time:          2.49310
Trial Time:          2.48925
Trial Time:          2.46275
Trial Time:          2.46909
Trial Time:          2.46742
Trial Time:          2.45865
Trial Time:          2.44633
Trial Time:          2.46125
Trial Time:          2.45958
Trial Time:          2.45853
Trial Time:          2.46525
Trial Time:          2.52197
Trial Time:          2.52040
Trial Time:          2.51567
Trial Time:          2.48405
Trial Time:          2.46111
Trial Time:          2.46678
Trial Time:          2.46052
Trial Time:          2.46654
Trial Time:          2.46107
Trial Time:          2.47177
Trial Time:          2.46822
Trial Time:          2.47953
Trial Time:          2.47128
Trial Time:          2.46701
Trial Time:          2.46476
Trial Time:          2.47207
Trial Time:          2.48963
Trial Time:          2.49997
Trial Time:          2.46820
Trial Time:          2.46679
Trial Time:          2.46602
Trial Time:          2.45959
Trial Time:          2.47307
Trial Time:          2.46291
Trial Time:          2.48511
Trial Time:          2.46270
Trial Time:          2.46599
Trial Time:          2.44469
Trial Time:          2.52295
Trial Time:          2.51395
Trial Time:          2.51012
Trial Time:          2.50430
Trial Time:          2.50050
Trial Time:          2.50209
Trial Time:          2.47843
Trial Time:          2.47515
Trial Time:          2.49071
Trial Time:          2.45514
Trial Time:          2.45591
Trial Time:          2.46197
Trial Time:          2.46993
Trial Time:          2.44887
Trial Time:          2.44891
Trial Time:          2.45574
Trial Time:          2.46851
Trial Time:          2.46599
Trial Time:          2.45626
Trial Time:          2.47080
Trial Time:          2.45671
Trial Time:          2.46312
Trial Time:          2.47343
Trial Time:          2.49760
Trial Time:          2.46245
Trial Time:          2.47918
Trial Time:          2.46063
Trial Time:          2.45540
Trial Time:          2.46847
Trial Time:          2.49219
Trial Time:          2.48203
Trial Time:          2.48382
Trial Time:          2.48622
Trial Time:          2.47621
Trial Time:          2.49005
Trial Time:          2.46984
Trial Time:          2.47402
Trial Time:          2.45788
Trial Time:          2.46904
Trial Time:          2.47036
Trial Time:          2.46424
Trial Time:          2.46237
Trial Time:          2.45060
Trial Time:          2.45046
Trial Time:          2.46269
Trial Time:          2.45373
Trial Time:          2.45280
Trial Time:          2.46843
Trial Time:          2.47295
Trial Time:          2.46643
Trial Time:          2.46531
Trial Time:          2.46146
Trial Time:          2.46886
Trial Time:          2.48627
Trial Time:          2.46210
Trial Time:          2.46826
Trial Time:          2.46197
Trial Time:          2.46380
Trial Time:          2.47111
Trial Time:          2.48170
Trial Time:          2.46659
Trial Time:          2.46758
Trial Time:          2.47898
Trial Time:          2.47978
Trial Time:          2.47011
Trial Time:          2.46614
Trial Time:          2.47262
Trial Time:          2.46493
Trial Time:          2.47354
Trial Time:          2.46559
Trial Time:          2.46623
Trial Time:          2.45889
Trial Time:          2.46552
Trial Time:          2.47100
Trial Time:          2.47122
Trial Time:          2.48049
Trial Time:          2.43921
Trial Time:          2.45085
Trial Time:          2.46045
Trial Time:          2.45030
Trial Time:          2.44986
Trial Time:          2.44163
Trial Time:          2.45054
Trial Time:          2.48937
Trial Time:          2.48684
Trial Time:          2.46105
Trial Time:          2.46196
Trial TTrial Time:          2.48812
Trial Time:          2.47266
Trial Time:          2.50326
Trial Time:          2.48584
Trial Time:          2.46980
Trial Time:          2.47256
Trial Time:          2.47714
Trial Time:          2.47628
Trial Time:          2.46252
Trial Time:          2.46136
Trial Time:          2.46994
Trial Time:          2.46417
Trial Time:          2.45609
Trial Time:          2.46994
Trial Time:          2.49127
Trial Time:          2.49310
Trial Time:          2.48925
Trial Time:          2.46275
Trial Time:          2.46909
Trial Time:          2.46742
Trial Time:          2.45865
Trial Time:          2.44633
Trial Time:          2.46125
Trial Time:          2.45958
Trial Time:          2.45853
Trial Time:          2.46525
Trial Time:          2.52197
Trial Time:          2.52040
Trial Time:          2.51567
Trial Time:          2.48405
Trial Time:          2.46111
Trial Time:          2.46678
Trial Time:          2.46052
Trial Time:          2.46654
Trial Time:          2.46107
Trial Time:          2.47177
Trial Time:          2.46822
Trial Time:          2.47953
Trial Time:          2.47128
Trial Time:          2.46701
Trial Time:          2.46476
Trial Time:          2.47207
Trial Time:          2.48963
Trial Time:          2.49997
Trial Time:          2.46820
Trial Time:          2.46679
Trial Time:          2.46602
Trial Time:          2.45959
Trial Time:          2.47307
Trial Time:          2.46291
Trial Time:          2.48511
Trial Time:          2.46270
Trial Time:          2.46599
Trial Time:          2.44469
Trial Time:          2.52295
Trial Time:          2.51395
Trial Time:          2.51012
Trial Time:          2.50430
Trial Time:          2.50050
Trial Time:          2.50209
Trial Time:          2.47843
Trial Time:          2.47515
Trial Time:          2.49071
Trial Time:          2.45514
Trial Time:          2.45591
Trial Time:          2.46197
Trial Time:          2.46993
Trial Time:          2.44887
Trial Time:          2.44891
Trial Time:          2.45574
Trial Time:          2.46851
Trial Time:          2.46599
Trial Time:          2.45626
Trial Time:          2.47080
Trial Time:          2.45671
Trial Time:          2.46312
Trial Time:          2.47343
Trial Time:          2.49760
Trial Time:          2.46245
Trial Time:          2.47918
Trial Time:          2.46063
Trial Time:          2.45540
Trial Time:          2.46847
Trial Time:          2.49219
Trial Time:          2.48203
Trial Time:          2.48382
Trial Time:          2.48622
Trial Time:          2.47621
Trial Time:          2.49005
Trial Time:          2.46984
Trial Time:          2.47402
Trial Time:          2.45788
Trial Time:          2.46904
Trial Time:          2.47036
Trial Time:          2.46424
Trial Time:          2.46237
Trial Time:          2.45060
Trial Time:          2.45046
Trial Time:          2.46269
Trial Time:          2.45373
Trial Time:          2.45280
Trial Time:          2.46843
Trial Time:          2.47295
Trial Time:          2.46643
Trial Time:          2.46531
Trial Time:          2.46146
Trial Time:          2.46886
Trial Time:          2.48627
Trial Time:          2.46210
Trial Time:          2.46826
Trial Time:          2.46197
Trial Time:          2.46380
Trial Time:          2.47111
Trial Time:          2.48170
Trial Time:          2.46659
Trial Time:          2.46758
Trial Time:          2.47898
Trial Time:          2.47978
Trial Time:          2.47011
Trial Time:          2.46614
Trial Time:          2.47262
Trial Time:          2.46493
Trial Time:          2.47354
Trial Time:          2.46559
Trial Time:          2.46623
Trial Time:          2.45889
Trial Time:          2.46552
Trial Time:          2.47100
Trial Time:          2.47122
Trial Time:          2.48049
Trial Time:          2.43921
Trial Time:          2.45085
Trial Time:          2.46045
Trial Time:          2.45030
Trial Time:          2.44986
Trial Time:          2.44163
Trial Time:          2.45054
Trial Time:          2.48937
Trial Time:          2.48684
Trial Time:          2.46105
Trial Time:          2.46196
Trial Time:          2.48447
Trial Time:          2.46741
Trial Time:          2.47437
Trial Time:          2.46696
Trial Time:          2.47817
Trial Time:          2.47543
Trial Time:          2.45039
Trial Time:          2.47340
Trial Time:          2.45770
Trial Time:          2.46854
Trial Time:          2.44494
Trial Time:          2.46268
Trial Time:          2.45719
Trial Time:          2.45806
Trial Time:          2.46049
Trial Time:          2.45029
Trial Time:          2.46400
Trial Time:          2.45640
Trial Time:          2.48635
Trial Time:          2.47616
Trial Time:          2.46483
Trial Time:          2.48502
Trial Time:          2.48965
Trial Time:          2.48914
Trial Time:          2.48689
Trial Time:          2.45452
Trial Time:          2.47608
Trial Time:          2.47495
Trial Time:          2.46647
Trial Time:          2.46216
Trial Time:          2.44519
Trial Time:          2.44961
Trial Time:          2.45583
Trial Time:          2.46623
Trial Time:          2.43793
Trial Time:          2.44857
Trial Time:          2.45941
Trial Time:          2.46775
Trial Time:          2.46508
Trial Time:          2.46581
Trial Time:          2.46426
Trial Time:          2.43907
Trial Time:          2.44387
Trial Time:          2.46631
Trial Time:          2.47893
Trial Time:          2.45816
Trial Time:          2.46751
Trial Time:          2.46188
Trial Time:          2.46205
Trial Time:          2.45547
Trial Time:          2.45989
Trial Time:          2.46157
Trial Time:          2.45634
Trial Time:          2.45288
Trial Time:          2.45470
Trial Time:          2.47336
Trial Time:          2.47988
Trial Time:          2.47289
Trial Time:          2.47125
Average Time:        2.46918
ime:          2.48447
Trial Time:          2.46741
Trial Time:          2.47437
Trial Time:          2.46696
Trial Time:          2.47817
Trial Time:          2.47543
Trial Time:          2.45039
Trial Time:          2.47340
Trial Time:          2.45770
Trial Time:          2.46854
Trial Time:          2.44494
Trial Time:          2.46268
Trial Time:          2.45719
Trial Time:          2.45806
Trial Time:          2.46049
Trial Time:          2.45029
Trial Time:          2.46400
Trial Time:          2.45640
Trial Time:          2.48635
Trial Time:          2.47616
Trial Time:          2.46483
Trial Time:          2.48502
Trial Time:          2.48965
Trial Time:          2.48914
Trial Time:          2.48689
Trial Time:          2.45452
Trial Time:          2.47608
Trial Time:          2.47495
Trial Time:          2.46647
Trial Time:          2.46216
Trial Time:          2.44519
Trial Time:          2.44961
Trial Time:          2.45583
Trial Time:          2.46623
Trial Time:          2.43793
Trial Time:          2.44857
Trial Time:          2.45941
Trial Time:          2.46775
Trial Time:          2.46508
Trial Time:          2.46581
Trial Time:          2.46426
Trial Time:          2.43907
Trial Time:          2.44387
Trial Time:          2.46631
Trial Time:          2.47893
Trial Time:          2.45816
Trial Time:          2.46751
Trial Time:          2.46188
Trial Time:          2.46205
Trial Time:          2.45547
Trial Time:          2.45989
Trial Time:          2.46157
Trial Time:          2.45634
Trial Time:          2.45288
Trial Time:          2.45470
Trial Time:          2.47336
Trial Time:          2.47988
Trial Time:          2.47289
Trial Time:          2.47125
Average Time:        2.46918
pid: 102746
pid: 102746
exeexecution time cution time 506.42 (s)506.42 (s)

/mnt/sas_ssd/lyh/memtis-Nomad/adaptive-userspace/scripts/run_bench.sh: line 101: 102740 Killed                  ${DIR}/scripts/memory_stat.sh ${LOG_DIR}
/mnt/sas_ssd/lyh/memtis-Nomad/adaptive-userspace/scripts/run_bench.sh: line 101: 102740 Killed                  ${DIR}/scripts/memory_stat.sh ${LOG_DIR}
+memory
+memory
+cpuset
+cpuset
102243
102243
disabled
disabled
[2026-03-26 16:43:47] DONE: baseline / gapbs-pr / 1:4
[2026-03-26 16:43:47] DONE: baseline / gapbs-pr / 1:4
[2026-03-26 16:43:47] ==========================================
[2026-03-26 16:43:47] ==========================================
[2026-03-26 16:43:47] ALL EXPERIMENTS COMPLETE
[2026-03-26 16:43:47] ALL EXPERIMENTS COMPLETE
[2026-03-26 16:43:47] ==========================================
[2026-03-26 16:43:47] ==========================================
[2026-03-26 16:43:47] State -> done
[2026-03-26 16:43:47] State -> done
[2026-03-26 16:59:59] [resume] Resuming from state: done
[2026-03-26 16:59:59] [resume] Resuming from state: done
[2026-03-26 16:59:59] [resume] Experiment already done.
[2026-03-26 16:59:59] [resume] Experiment already done.
